symbol,exchange,market,name,sector_33_code,sector_33_name,scale_category,is_etf,is_reit,is_active
1376.T,1,standard,カネコ種苗,50,水産・農林業,TOPIX Small 2,false,false,true
1380.T,1,standard,秋川牧園,50,水産・農林業,-,false,false,true
1381.T,1,standard,アクシーズ,50,水産・農林業,-,false,false,true
1382.T,1,standard,ホーブ,50,水産・農林業,-,false,false,true
1383.T,1,standard,ベルグアース,50,水産・農林業,-,false,false,true
1384.T,1,standard,ホクリヨウ,50,水産・農林業,-,false,false,true
1407.T,1,standard,ウエストホールディングス,2050,建設業,-,false,false,true
1418.T,1,standard,インターライフホールディングス,2050,建設業,-,false,false,true
1420.T,1,standard,サンヨーホームズ,2050,建設業,-,false,false,true
1430.T,1,standard,ファーストコーポレーション,2050,建設業,-,false,false,true
1434.T,1,standard,ＪＥＳＣＯホールディングス,2050,建設業,-,false,false,true
1435.T,1,standard,ｒｏｂｏｔ　ｈｏｍｅ,8050,不動産業,TOPIX Small 2,false,false,true
1438.T,1,standard,岐阜造園,2050,建設業,-,false,false,true
1443.T,1,standard,技研ホールディングス,2050,建設業,-,false,false,true
1446.T,1,standard,キャンディル,2050,建設業,-,false,false,true
1450.T,1,standard,ＴＡＮＡＫＥＮ,2050,建設業,-,false,false,true
146A.T,1,standard,コロンビア・ワークス,8050,不動産業,-,false,false,true
1491.T,1,standard,中外鉱業,3500,非鉄金属,-,false,false,true
1514.T,1,standard,住石ホールディングス,1050,鉱業,TOPIX Small 2,false,false,true
160A.T,1,standard,アズパートナーズ,9050,サービス業,-,false,false,true
1711.T,1,standard,ＳＤＳホールディングス,2050,建設業,-,false,false,true
1716.T,1,standard,第一カッター興業,2050,建設業,TOPIX Small 2,false,false,true
1717.T,1,standard,明豊ファシリティワークス,9050,サービス業,-,false,false,true
1718.T,1,standard,美樹工業,2050,建設業,-,false,false,true
1723.T,1,standard,日本電技,2050,建設業,-,false,false,true
1724.T,1,standard,シンクレイヤ,2050,建設業,-,false,false,true
1736.T,1,standard,オーテック,2050,建設業,-,false,false,true
1758.T,1,standard,太洋基礎工業,2050,建設業,-,false,false,true
1764.T,1,standard,工藤建設,2050,建設業,-,false,false,true
1768.T,1,standard,ソネック,2050,建設業,-,false,false,true
1770.T,1,standard,藤田エンジニアリング,2050,建設業,-,false,false,true
1776.T,1,standard,三井住建道路,2050,建設業,-,false,false,true
1783.T,1,standard,ｆａｎｔａｓｉｓｔａ,8050,不動産業,-,false,false,true
1787.T,1,standard,ナカボーテック,2050,建設業,-,false,false,true
1788.T,1,standard,三東工業社,2050,建設業,-,false,false,true
1793.T,1,standard,大本組,2050,建設業,-,false,false,true
1795.T,1,standard,マサル,2050,建設業,-,false,false,true
1798.T,1,standard,守谷商会,2050,建設業,-,false,false,true
1799.T,1,standard,第一建設工業,2050,建設業,-,false,false,true
1807.T,1,standard,佐藤渡辺,2050,建設業,-,false,false,true
1810.T,1,standard,松井建設,2050,建設業,TOPIX Small 2,false,false,true
1811.T,1,standard,錢高組,2050,建設業,-,false,false,true
1822.T,1,standard,大豊建設,2050,建設業,TOPIX Small 2,false,false,true
1826.T,1,standard,佐田建設,2050,建設業,-,false,false,true
1827.T,1,standard,ナカノフドー建設,2050,建設業,-,false,false,true
1828.T,1,standard,田辺工業,2050,建設業,-,false,false,true
1840.T,1,standard,土屋ホールディングス,2050,建設業,-,false,false,true
1844.T,1,standard,大盛工業,2050,建設業,-,false,false,true
1847.T,1,standard,イチケン,2050,建設業,-,false,false,true
1848.T,1,standard,富士ピー・エス,2050,建設業,-,false,false,true
1850.T,1,standard,南海辰村建設,2050,建設業,-,false,false,true
1853.T,1,standard,森組,2050,建設業,-,false,false,true
1866.T,1,standard,北野建設,2050,建設業,-,false,false,true
1867.T,1,standard,植木組,2050,建設業,-,false,false,true
1897.T,1,standard,金下建設,2050,建設業,-,false,false,true
1904.T,1,standard,大成温調,2050,建設業,-,false,false,true
1905.T,1,standard,テノックス,2050,建設業,-,false,false,true
1909.T,1,standard,日本ドライケミカル,3600,機械,-,false,false,true
1914.T,1,standard,日本基礎技術,2050,建設業,-,false,false,true
1921.T,1,standard,巴コーポレーション,2050,建設業,-,false,false,true
1948.T,1,standard,弘電社,2050,建設業,-,false,false,true
1960.T,1,standard,サンテック,2050,建設業,-,false,false,true
1965.T,1,standard,テクノ菱和,2050,建設業,-,false,false,true
1966.T,1,standard,高田工業所,2050,建設業,-,false,false,true
1967.T,1,standard,ヤマト,2050,建設業,-,false,false,true
1972.T,1,standard,三晃金属工業,2050,建設業,-,false,false,true
197A.T,1,standard,タウンズ,3250,医薬品,-,false,false,true
1981.T,1,standard,協和日成,2050,建設業,-,false,false,true
1992.T,1,standard,神田通信機,2050,建設業,-,false,false,true
1994.T,1,standard,高橋カーテンウォール工業,2050,建設業,-,false,false,true
1997.T,1,standard,暁飯島工業,2050,建設業,-,false,false,true
2003.T,1,standard,日東富士製粉,3050,食料品,TOPIX Small 2,false,false,true
2009.T,1,standard,鳥越製粉,3050,食料品,-,false,false,true
2055.T,1,standard,日和産業,3050,食料品,-,false,false,true
208A.T,1,standard,構造計画研究所ホールディングス,5250,情報・通信業,-,false,false,true
2112.T,1,standard,塩水港精糖,3050,食料品,-,false,false,true
2114.T,1,standard,フジ日本,3050,食料品,-,false,false,true
211A.T,1,standard,カドス・コーポレーション,2050,建設業,-,false,false,true
2122.T,1,standard,インタースペース,9050,サービス業,-,false,false,true
2134.T,1,standard,北浜キャピタルパートナーズ,9050,サービス業,-,false,false,true
2136.T,1,standard,ヒップ,9050,サービス業,-,false,false,true
2138.T,1,standard,クルーズ,5250,情報・通信業,-,false,false,true
2139.T,1,standard,中広,9050,サービス業,-,false,false,true
2152.T,1,standard,幼児活動研究会,9050,サービス業,-,false,false,true
2156.T,1,standard,セーラー広告,9050,サービス業,-,false,false,true
2162.T,1,standard,ｎｍｓ　ホールディングス,9050,サービス業,-,false,false,true
2164.T,1,standard,地域新聞社,9050,サービス業,-,false,false,true
2169.T,1,standard,ＣＤＳ,9050,サービス業,-,false,false,true
2179.T,1,standard,成学社,9050,サービス業,-,false,false,true
2180.T,1,standard,サニーサイドアップグループ,9050,サービス業,-,false,false,true
2183.T,1,standard,リニカル,9050,サービス業,-,false,false,true
2185.T,1,standard,シイエム・シイ,9050,サービス業,-,false,false,true
2186.T,1,standard,ソーバル,9050,サービス業,-,false,false,true
2193.T,1,standard,クックパッド,9050,サービス業,TOPIX Small 2,false,false,true
2204.T,1,standard,中村屋,3050,食料品,TOPIX Small 2,false,false,true
2208.T,1,standard,ブルボン,3050,食料品,-,false,false,true
220A.T,1,standard,Ｆａｂｅｒ　Ｃｏｍｐａｎｙ,5250,情報・通信業,-,false,false,true
2215.T,1,standard,第一屋製パン,3050,食料品,-,false,false,true
2216.T,1,standard,カンロ,3050,食料品,-,false,false,true
2221.T,1,standard,岩塚製菓,3050,食料品,-,false,false,true
2224.T,1,standard,コモ,3050,食料品,-,false,false,true
2226.T,1,standard,湖池屋,3050,食料品,-,false,false,true
2268.T,1,standard,Ｂ－Ｒ　サーティワン　アイスクリーム,3050,食料品,-,false,false,true
2286.T,1,standard,林兼産業,3050,食料品,-,false,false,true
2291.T,1,standard,福留ハム,3050,食料品,-,false,false,true
2293.T,1,standard,滝沢ハム,3050,食料品,-,false,false,true
2300.T,1,standard,きょくとう,9050,サービス業,-,false,false,true
2303.T,1,standard,ドーン,5250,情報・通信業,-,false,false,true
2304.T,1,standard,ＣＳＳホールディングス,9050,サービス業,-,false,false,true
2305.T,1,standard,スタジオアリス,9050,サービス業,TOPIX Small 2,false,false,true
2311.T,1,standard,エプコ,9050,サービス業,-,false,false,true
2315.T,1,standard,ＣＡＩＣＡ　ＤＩＧＩＴＡＬ,5250,情報・通信業,-,false,false,true
2323.T,1,standard,ｆｏｎｆｕｎ,5250,情報・通信業,-,false,false,true
2329.T,1,standard,東北新社,5250,情報・通信業,-,false,false,true
2330.T,1,standard,フォーサイド,5250,情報・通信業,-,false,false,true
2332.T,1,standard,クエスト,5250,情報・通信業,-,false,false,true
2338.T,1,standard,クオンタムソリューションズ,5250,情報・通信業,-,false,false,true
2340.T,1,standard,極楽湯ホールディングス,9050,サービス業,-,false,false,true
2341.T,1,standard,アルバイトタイムス,9050,サービス業,-,false,false,true
2342.T,1,standard,トランスジェニックグループ,9050,サービス業,-,false,false,true
2344.T,1,standard,平安レイサービス,9050,サービス業,-,false,false,true
2345.T,1,standard,ＨＯＤＬ１,5250,情報・通信業,-,false,false,true
2349.T,1,standard,エヌアイデイ,5250,情報・通信業,-,false,false,true
2351.T,1,standard,ＡＳＪ,5250,情報・通信業,-,false,false,true
2354.T,1,standard,ＹＥ　ＤＩＧＩＴＡＬ,5250,情報・通信業,-,false,false,true
2373.T,1,standard,ケア２１,9050,サービス業,-,false,false,true
2375.T,1,standard,ギグワークス,9050,サービス業,-,false,false,true
2376.T,1,standard,サイネックス,9050,サービス業,-,false,false,true
2391.T,1,standard,プラネット,9050,サービス業,-,false,false,true
2393.T,1,standard,日本ケアサプライ,9050,サービス業,-,false,false,true
2404.T,1,standard,鉄人化ホールディングス,9050,サービス業,-,false,false,true
2408.T,1,standard,ＫＧ情報,9050,サービス業,-,false,false,true
2411.T,1,standard,ゲンダイエージェンシー,5250,情報・通信業,-,false,false,true
2415.T,1,standard,ヒューマンホールディングス,9050,サービス業,-,false,false,true
2418.T,1,standard,ツカダ・グローバルホールディング,9050,サービス業,-,false,false,true
2424.T,1,standard,ブラス,9050,サービス業,-,false,false,true
2425.T,1,standard,ケアサービス,9050,サービス業,-,false,false,true
2428.T,1,standard,ウェルネット,9050,サービス業,-,false,false,true
2435.T,1,standard,シダー,9050,サービス業,-,false,false,true
2436.T,1,standard,共同ピーアール,9050,サービス業,-,false,false,true
2437.T,1,standard,Ｓｈｉｎｗａ　Ｗｉｓｅ　Ｈｏｌｄｉｎｇｓ,9050,サービス業,-,false,false,true
2440.T,1,standard,ぐるなび,9050,サービス業,TOPIX Small 2,false,false,true
2445.T,1,standard,タカミヤ,9050,サービス業,TOPIX Small 2,false,false,true
2449.T,1,standard,プラップジャパン,9050,サービス業,-,false,false,true
2454.T,1,standard,オールアバウト,9050,サービス業,-,false,false,true
2459.T,1,standard,アウンコンサルティング,9050,サービス業,-,false,false,true
2464.T,1,standard,Ａｏｂａ‐ＢＢＴ,9050,サービス業,-,false,false,true
2469.T,1,standard,ヒビノ,9050,サービス業,-,false,false,true
2477.T,1,standard,手間いらず,5250,情報・通信業,TOPIX Small 2,false,false,true
2479.T,1,standard,ジェイテック,9050,サービス業,-,false,false,true
2480.T,1,standard,システム・ロケーション,5250,情報・通信業,-,false,false,true
2481.T,1,standard,タウンニュース社,9050,サービス業,-,false,false,true
2483.T,1,standard,翻訳センター,9050,サービス業,-,false,false,true
2484.T,1,standard,出前館,5250,情報・通信業,-,false,false,true
2485.T,1,standard,ティア,9050,サービス業,-,false,false,true
2488.T,1,standard,ＪＴＰ,9050,サービス業,-,false,false,true
2489.T,1,standard,アドウェイズ,9050,サービス業,TOPIX Small 2,false,false,true
2493.T,1,standard,イーサポートリンク,9050,サービス業,-,false,false,true
2498.T,1,standard,オリエンタルコンサルタンツホールディングス,9050,サービス業,-,false,false,true
2499.T,1,standard,日本和装ホールディングス,9050,サービス業,-,false,false,true
250A.T,1,standard,シマダヤ,3050,食料品,TOPIX Small 2,false,false,true
253A.T,1,standard,ＥＴＳグループ,2050,建設業,-,false,false,true
254A.T,1,standard,ＡＩフュージョンキャピタルグループ,7100,証券、商品先物取引業,-,false,false,true
255A.T,1,standard,ジーエルテクノホールディングス,3750,精密機器,-,false,false,true
2573.T,1,standard,北海道コカ・コーラボトリング,3050,食料品,-,false,false,true
2588.T,1,standard,プレミアムウォーターホールディングス,3050,食料品,-,false,false,true
2597.T,1,standard,ユニカフェ,3050,食料品,-,false,false,true
2612.T,1,standard,かどや製油,3050,食料品,-,false,false,true
261A.T,1,standard,日水コン,9050,サービス業,-,false,false,true
2652.T,1,standard,まんだらけ,6100,小売業,-,false,false,true
2653.T,1,standard,イオン九州,6100,小売業,-,false,false,true
2654.T,1,standard,アスモ,6100,小売業,-,false,false,true
2656.T,1,standard,ベクターホールディングス,6100,小売業,-,false,false,true
2666.T,1,standard,オートウェーブ,6100,小売業,-,false,false,true
2667.T,1,standard,イメージ　ワン,6050,卸売業,-,false,false,true
2668.T,1,standard,タビオ,6050,卸売業,-,false,false,true
2669.T,1,standard,カネ美食品,6100,小売業,-,false,false,true
2673.T,1,standard,夢みつけ隊,6100,小売業,-,false,false,true
2683.T,1,standard,魚喜,6100,小売業,-,false,false,true
2686.T,1,standard,ジーフット,6100,小売業,-,false,false,true
2687.T,1,standard,シー・ヴイ・エス・ベイエリア,9050,サービス業,-,false,false,true
2689.T,1,standard,オルバヘルスケアホールディングス,6050,卸売業,-,false,false,true
2693.T,1,standard,ＹＫＴ,6050,卸売業,-,false,false,true
2694.T,1,standard,焼肉坂井ホールディングス,6100,小売業,-,false,false,true
2698.T,1,standard,キャンドゥ,6100,小売業,TOPIX Small 2,false,false,true
2700.T,1,standard,木徳神糧,6050,卸売業,-,false,false,true
2702.T,1,standard,日本マクドナルドホールディングス,6100,小売業,-,false,false,true
2705.T,1,standard,大戸屋ホールディングス,6100,小売業,-,false,false,true
2708.T,1,standard,久世,6050,卸売業,-,false,false,true
2721.T,1,standard,ジェイホールディングス,6050,卸売業,-,false,false,true
2722.T,1,standard,ＩＫホールディングス,6100,小売業,-,false,false,true
2735.T,1,standard,ワッツ,6100,小売業,-,false,false,true
2736.T,1,standard,フェスタリアホールディングス,6100,小売業,-,false,false,true
2747.T,1,standard,北雄ラッキー,6100,小売業,-,false,false,true
274A.T,1,standard,ガーデン,6100,小売業,-,false,false,true
2750.T,1,standard,石光商事,6050,卸売業,-,false,false,true
2751.T,1,standard,テンポスホールディングス,6050,卸売業,-,false,false,true
2762.T,1,standard,ＳＡＮＫＯ　ＭＡＲＫＥＴＩＮＧ　ＦＯＯＤＳ,6100,小売業,-,false,false,true
2763.T,1,standard,エフティグループ,6050,卸売業,-,false,false,true
2764.T,1,standard,ひらまつ,6100,小売業,-,false,false,true
2769.T,1,standard,ヴィレッジヴァンガードコーポレーション,6100,小売業,-,false,false,true
2776.T,1,standard,新都ホールディングス,6050,卸売業,-,false,false,true
2778.T,1,standard,パレモ・ホールディングス,6100,小売業,-,false,false,true
2780.T,1,standard,コメ兵ホールディングス,6100,小売業,-,false,false,true
2782.T,1,standard,セリア,6100,小売業,-,false,false,true
2788.T,1,standard,アップルインターナショナル,6050,卸売業,-,false,false,true
2789.T,1,standard,カルラ,6100,小売業,-,false,false,true
2790.T,1,standard,ナフコ,6100,小売業,-,false,false,true
2795.T,1,standard,日本プリメックス,6050,卸売業,-,false,false,true
2796.T,1,standard,ファーマライズホールディングス,6100,小売業,-,false,false,true
2798.T,1,standard,ワイズテーブルコーポレーション,6100,小売業,-,false,false,true
2805.T,1,standard,ヱスビー食品,3050,食料品,-,false,false,true
2806.T,1,standard,ユタカフーズ,3050,食料品,-,false,false,true
2813.T,1,standard,和弘食品,3050,食料品,-,false,false,true
2814.T,1,standard,佐藤食品工業,3050,食料品,-,false,false,true
2816.T,1,standard,ダイショー,3050,食料品,-,false,false,true
2818.T,1,standard,ピエトロ,3050,食料品,-,false,false,true
2819.T,1,standard,エバラ食品工業,3050,食料品,TOPIX Small 2,false,false,true
2820.T,1,standard,やまみ,3050,食料品,-,false,false,true
2831.T,1,standard,はごろもフーズ,3050,食料品,-,false,false,true
2872.T,1,standard,セイヒョー,3050,食料品,-,false,false,true
2876.T,1,standard,デルソーレ,3050,食料品,-,false,false,true
2877.T,1,standard,日東ベスト,3050,食料品,-,false,false,true
287A.T,1,standard,黒田グループ,6050,卸売業,-,false,false,true
2883.T,1,standard,大冷,3050,食料品,-,false,false,true
2892.T,1,standard,日本食品化工,3050,食料品,-,false,false,true
2894.T,1,standard,石井食品,3050,食料品,-,false,false,true
2901.T,1,standard,ウェルディッシュ,3050,食料品,-,false,false,true
2903.T,1,standard,シノブフーズ,3050,食料品,-,false,false,true
2904.T,1,standard,一正蒲鉾,3050,食料品,-,false,false,true
2907.T,1,standard,あじかん,3050,食料品,-,false,false,true
2911.T,1,standard,旭松食品,3050,食料品,-,false,false,true
2916.T,1,standard,仙波糖化工業,3050,食料品,-,false,false,true
2917.T,1,standard,大森屋,3050,食料品,-,false,false,true
2923.T,1,standard,サトウ食品,3050,食料品,-,false,false,true
2924.T,1,standard,イフジ産業,3050,食料品,-,false,false,true
2926.T,1,standard,篠崎屋,3050,食料品,-,false,false,true
2927.T,1,standard,ＡＦＣ－ＨＤアムスライフサイエンス,3050,食料品,-,false,false,true
2932.T,1,standard,ＳＴＩフードホールディングス,3050,食料品,-,false,false,true
2938.T,1,standard,オカムラ食品工業,3050,食料品,-,false,false,true
2961.T,1,standard,日本調理機,3550,金属製品,-,false,false,true
2962.T,1,standard,テクニスコ,3550,金属製品,-,false,false,true
2970.T,1,standard,ＧＬＣ　ＧＲＯＵＰ,8050,不動産業,-,false,false,true
297A.T,1,standard,アルピコホールディングス,6100,小売業,-,false,false,true
2984.T,1,standard,ヤマイチエステート,8050,不動産業,-,false,false,true
2991.T,1,standard,ランドネット,8050,不動産業,-,false,false,true
2993.T,1,standard,長栄,8050,不動産業,-,false,false,true
2999.T,1,standard,ホームポジション,8050,不動産業,-,false,false,true
3001.T,1,standard,片倉工業,3100,繊維製品,TOPIX Small 2,false,false,true
3004.T,1,standard,神栄,6050,卸売業,-,false,false,true
300A.T,1,standard,ＭＩＣ,9050,サービス業,-,false,false,true
3010.T,1,standard,ポラリス・ホールディングス,9050,サービス業,-,false,false,true
3011.T,1,standard,バナーズ,6100,小売業,-,false,false,true
3020.T,1,standard,アプライド,6100,小売業,-,false,false,true
3021.T,1,standard,パシフィックネット,9050,サービス業,-,false,false,true
3023.T,1,standard,ラサ商事,6050,卸売業,TOPIX Small 2,false,false,true
3024.T,1,standard,クリエイト,6050,卸売業,-,false,false,true
3030.T,1,standard,ハブ,6100,小売業,-,false,false,true
3035.T,1,standard,ケイティケイ,6050,卸売業,-,false,false,true
3041.T,1,standard,ビューティカダンホールディングス,6050,卸売業,-,false,false,true
3042.T,1,standard,セキュアヴェイル,5250,情報・通信業,-,false,false,true
3045.T,1,standard,カワサキ,6050,卸売業,-,false,false,true
3053.T,1,standard,ペッパーフードサービス,6100,小売業,TOPIX Small 2,false,false,true
3054.T,1,standard,ハイパー,6050,卸売業,-,false,false,true
3058.T,1,standard,三洋堂ホールディングス,6100,小売業,-,false,false,true
3059.T,1,standard,ヒラキ,6100,小売業,-,false,false,true
3065.T,1,standard,ライフフーズ,6100,小売業,-,false,false,true
3067.T,1,standard,東京一番フーズ,6100,小売業,-,false,false,true
3068.T,1,standard,ＷＤＩ,6100,小売業,-,false,false,true
3069.T,1,standard,ＪＦＬＡホールディングス,3050,食料品,-,false,false,true
3071.T,1,standard,ストリーム,6100,小売業,-,false,false,true
3075.T,1,standard,銚子丸,6100,小売業,-,false,false,true
3077.T,1,standard,ホリイフードサービス,6100,小売業,-,false,false,true
3079.T,1,standard,ディーブイエックス,6050,卸売業,-,false,false,true
3080.T,1,standard,ジェーソン,6100,小売業,-,false,false,true
3082.T,1,standard,きちりホールディングス,6100,小売業,-,false,false,true
3083.T,1,standard,スターシーズ,6100,小売業,-,false,false,true
3089.T,1,standard,テクノアルファ,6050,卸売業,-,false,false,true
3096.T,1,standard,オーシャンシステム,6100,小売業,-,false,false,true
3103.T,1,standard,ユニチカ,3100,繊維製品,TOPIX Small 2,false,false,true
3111.T,1,standard,オーミケンシ,3100,繊維製品,-,false,false,true
3113.T,1,standard,ＵＮＩＶＡ・Ｏａｋホールディングス,7100,証券、商品先物取引業,-,false,false,true
3121.T,1,standard,マーチャント・バンカーズ,9050,サービス業,-,false,false,true
3123.T,1,standard,サイボー,3100,繊維製品,-,false,false,true
3131.T,1,standard,シンデン・ハイテックス,6050,卸売業,-,false,false,true
3134.T,1,standard,Ｈａｍｅｅ,6100,小売業,TOPIX Small 2,false,false,true
3135.T,1,standard,マーケットエンタープライズ,6100,小売業,-,false,false,true
3137.T,1,standard,ファンデリー,6100,小売業,-,false,false,true
3138.T,1,standard,富士山マガジンサービス,6100,小売業,-,false,false,true
3143.T,1,standard,オーウイル,6050,卸売業,-,false,false,true
3157.T,1,standard,ジオリーブグループ,6050,卸売業,-,false,false,true
3159.T,1,standard,丸善ＣＨＩホールディングス,6100,小売業,-,false,false,true
3160.T,1,standard,大光,6050,卸売業,-,false,false,true
3161.T,1,standard,アゼアス,6050,卸売業,-,false,false,true
3166.T,1,standard,ＯＣＨＩホールディングス,6050,卸売業,-,false,false,true
3168.T,1,standard,ＭＥＲＦ,6050,卸売業,-,false,false,true
3169.T,1,standard,ミサワ,6100,小売業,-,false,false,true
3172.T,1,standard,ティーライフ,6100,小売業,-,false,false,true
3173.T,1,standard,Ｃｏｍｉｎｉｘ,6050,卸売業,-,false,false,true
3174.T,1,standard,ハピネス・アンド・ディ,6100,小売業,-,false,false,true
3175.T,1,standard,エー・ピーホールディングス,6100,小売業,-,false,false,true
3177.T,1,standard,ありがとうサービス,6100,小売業,-,false,false,true
3178.T,1,standard,チムニー,6100,小売業,-,false,false,true
3181.T,1,standard,買取王国,6100,小売業,-,false,false,true
3184.T,1,standard,ＩＣＤＡホールディングス,6100,小売業,-,false,false,true
3189.T,1,standard,ＡＮＡＰホールディングス,6100,小売業,-,false,false,true
3190.T,1,standard,ホットマン,6100,小売業,-,false,false,true
3192.T,1,standard,白鳩,6100,小売業,-,false,false,true
3202.T,1,standard,ダイトウボウ,3100,繊維製品,-,false,false,true
3204.T,1,standard,トーア紡コーポレーション,3100,繊維製品,-,false,false,true
3205.T,1,standard,ダイドーリミテッド,3100,繊維製品,-,false,false,true
3222.T,1,standard,ユナイテッド・スーパーマーケット・ホールディングス,6100,小売業,TOPIX Small 1,false,false,true
3223.T,1,standard,エスエルディー,6100,小売業,-,false,false,true
3236.T,1,standard,プロパスト,8050,不動産業,-,false,false,true
3238.T,1,standard,セントラル総合開発,8050,不動産業,-,false,false,true
3241.T,1,standard,ウィル,8050,不動産業,-,false,false,true
3242.T,1,standard,アーバネットコーポレーション,8050,不動産業,-,false,false,true
3246.T,1,standard,コーセーアールイー,8050,不動産業,-,false,false,true
3248.T,1,standard,アールエイジ,8050,不動産業,-,false,false,true
3266.T,1,standard,ファンドクリエーショングループ,8050,不動産業,-,false,false,true
3267.T,1,standard,フィル・カンパニー,2050,建設業,TOPIX Small 2,false,false,true
3271.T,1,standard,ＴＨＥグローバル社,8050,不動産業,-,false,false,true
3277.T,1,standard,サンセイランディック,8050,不動産業,-,false,false,true
3280.T,1,standard,エストラスト,8050,不動産業,-,false,false,true
3286.T,1,standard,トラストホールディングス,8050,不動産業,-,false,false,true
3293.T,1,standard,アズマハウス,8050,不動産業,-,false,false,true
3294.T,1,standard,イーグランド,8050,不動産業,-,false,false,true
3297.T,1,standard,東武住販,8050,不動産業,-,false,false,true
3299.T,1,standard,ムゲンエステート,8050,不動産業,-,false,false,true
3306.T,1,standard,日本製麻,6050,卸売業,-,false,false,true
3317.T,1,standard,フライングガーデン,6100,小売業,-,false,false,true
331A.T,1,standard,メディックス,9050,サービス業,-,false,false,true
3320.T,1,standard,クロスプラス,6050,卸売業,-,false,false,true
3321.T,1,standard,ミタチ産業,6050,卸売業,-,false,false,true
3323.T,1,standard,レカム,6050,卸売業,-,false,false,true
3326.T,1,standard,ランシステム,9050,サービス業,-,false,false,true
3329.T,1,standard,東和フードサービス,6100,小売業,-,false,false,true
3350.T,1,standard,メタプラネット,6050,卸売業,-,false,false,true
3352.T,1,standard,バッファロー,6100,小売業,-,false,false,true
3353.T,1,standard,メディカル一光グループ,6100,小売業,-,false,false,true
3355.T,1,standard,クリヤマホールディングス,6050,卸売業,-,false,false,true
3358.T,1,standard,Ｔｒａｉｌｈｅａｄ　Ｇｌｏｂａｌ　Ｈｏｌｄｉｎｇｓ,6100,小売業,-,false,false,true
3361.T,1,standard,トーエル,6100,小売業,-,false,false,true
3370.T,1,standard,フジタコーポレーション,6100,小売業,-,false,false,true
3372.T,1,standard,関門海,6100,小売業,-,false,false,true
3374.T,1,standard,内外テック,6050,卸売業,-,false,false,true
3375.T,1,standard,ＺＯＡ,6100,小売業,-,false,false,true
3377.T,1,standard,バイク王＆カンパニー,6050,卸売業,-,false,false,true
3386.T,1,standard,コスモ・バイオ,6050,卸売業,-,false,false,true
3392.T,1,standard,デリカフーズホールディングス,6050,卸売業,-,false,false,true
3396.T,1,standard,フェリシモ,6100,小売業,-,false,false,true
3399.T,1,standard,丸千代山岡家,6100,小売業,-,false,false,true
3409.T,1,standard,北紡,3100,繊維製品,-,false,false,true
3416.T,1,standard,ピクスタ,6100,小売業,-,false,false,true
3417.T,1,standard,大木ヘルスケアホールディングス,6050,卸売業,-,false,false,true
3420.T,1,standard,ケー・エフ・シー,3550,金属製品,-,false,false,true
3421.T,1,standard,稲葉製作所,3550,金属製品,TOPIX Small 2,false,false,true
3422.T,1,standard,Ｊ－ＭＡＸ,3550,金属製品,-,false,false,true
3423.T,1,standard,エスイー,3550,金属製品,-,false,false,true
3426.T,1,standard,アトムリビンテック,3550,金属製品,-,false,false,true
3434.T,1,standard,アルファＣｏ,3550,金属製品,-,false,false,true
3435.T,1,standard,サンコーテクノ,3550,金属製品,-,false,false,true
3437.T,1,standard,特殊電極,3550,金属製品,-,false,false,true
3439.T,1,standard,三ツ知,3550,金属製品,-,false,false,true
343A.T,1,standard,ＩＡＣＥトラベル,9050,サービス業,-,false,false,true
3440.T,1,standard,日創グループ,3550,金属製品,-,false,false,true
3441.T,1,standard,山王,3550,金属製品,-,false,false,true
3444.T,1,standard,菊池製作所,3550,金属製品,-,false,false,true
3446.T,1,standard,ジェイテックコーポレーション,3550,金属製品,-,false,false,true
3447.T,1,standard,信和,3550,金属製品,-,false,false,true
3449.T,1,standard,テクノフレックス,3550,金属製品,-,false,false,true
3452.T,1,standard,ビーロット,8050,不動産業,-,false,false,true
3454.T,1,standard,ファーストブラザーズ,8050,不動産業,-,false,false,true
3461.T,1,standard,パルマ,8050,不動産業,-,false,false,true
3467.T,1,standard,アグレ都市デザイン,8050,不動産業,-,false,false,true
3469.T,1,standard,デュアルタップ,8050,不動産業,-,false,false,true
3484.T,1,standard,イノベーションホールディングス,8050,不動産業,-,false,false,true
3489.T,1,standard,フェイスネットワーク,8050,不動産業,-,false,false,true
3490.T,1,standard,アズ企画設計,8050,不動産業,-,false,false,true
3494.T,1,standard,マリオン,8050,不動産業,-,false,false,true
3495.T,1,standard,香陵住販,8050,不動産業,-,false,false,true
3512.T,1,standard,日本フエルト,3100,繊維製品,-,false,false,true
3513.T,1,standard,イチカワ,3100,繊維製品,-,false,false,true
3521.T,1,standard,テルマー湯ホールディングス,9050,サービス業,-,false,false,true
3524.T,1,standard,日東製網,3100,繊維製品,-,false,false,true
3529.T,1,standard,アツギ,3100,繊維製品,-,false,false,true
3536.T,1,standard,アクサスホールディングス,6100,小売業,-,false,false,true
3537.T,1,standard,昭栄薬品,6050,卸売業,-,false,false,true
3538.T,1,standard,ウイルプラスホールディングス,6100,小売業,-,false,false,true
3544.T,1,standard,サツドラホールディングス,6100,小売業,-,false,false,true
3547.T,1,standard,ユニシアホールディングス,6100,小売業,TOPIX Small 2,false,false,true
3551.T,1,standard,ダイニック,3100,繊維製品,-,false,false,true
3553.T,1,standard,共和レザー,3200,化学,-,false,false,true
3559.T,1,standard,ピーバンドットコム,6050,卸売業,-,false,false,true
3560.T,1,standard,ほぼ日,6100,小売業,-,false,false,true
3562.T,1,standard,Ｎｏ．１,6050,卸売業,-,false,false,true
3565.T,1,standard,アセンテック,6050,卸売業,TOPIX Small 2,false,false,true
3571.T,1,standard,ソトー,3100,繊維製品,-,false,false,true
3577.T,1,standard,東海染工,3100,繊維製品,-,false,false,true
3583.T,1,standard,オーベクス,3100,繊維製品,-,false,false,true
3597.T,1,standard,自重堂,3100,繊維製品,-,false,false,true
3598.T,1,standard,山喜,3100,繊維製品,-,false,false,true
3600.T,1,standard,フジックス,3100,繊維製品,-,false,false,true
3607.T,1,standard,クラウディアホールディングス,3100,繊維製品,-,false,false,true
3611.T,1,standard,マツオカコーポレーション,3100,繊維製品,-,false,false,true
3622.T,1,standard,ネットイヤーグループ,5250,情報・通信業,-,false,false,true
3627.T,1,standard,テクミラホールディングス,5250,情報・通信業,-,false,false,true
3633.T,1,standard,ＧＭＯペパボ,5250,情報・通信業,TOPIX Small 2,false,false,true
3634.T,1,standard,ソケッツ,5250,情報・通信業,-,false,false,true
3639.T,1,standard,ボルテージ,5250,情報・通信業,-,false,false,true
3640.T,1,standard,電算,5250,情報・通信業,-,false,false,true
3641.T,1,standard,パピレス,5250,情報・通信業,-,false,false,true
3646.T,1,standard,駅探,5250,情報・通信業,-,false,false,true
3647.T,1,standard,アスリナ,5250,情報・通信業,-,false,false,true
3648.T,1,standard,ＡＧＳ,5250,情報・通信業,-,false,false,true
365A.T,1,standard,伊澤タオル,3100,繊維製品,-,false,false,true
3667.T,1,standard,ｅｎｉｓｈ,5250,情報・通信業,-,false,false,true
3670.T,1,standard,協立情報通信,5250,情報・通信業,-,false,false,true
3671.T,1,standard,ソフトマックス,5250,情報・通信業,-,false,false,true
3672.T,1,standard,オルトプラス,5250,情報・通信業,-,false,false,true
3675.T,1,standard,クロス・マーケティンググループ,5250,情報・通信業,-,false,false,true
367A.T,1,standard,プリモグローバルホールディングス,6100,小売業,-,false,false,true
3682.T,1,standard,エンカレッジ・テクノロジ,5250,情報・通信業,-,false,false,true
3683.T,1,standard,サイバーリンクス,5250,情報・通信業,-,false,false,true
3686.T,1,standard,ディー・エル・イー,5250,情報・通信業,-,false,false,true
3690.T,1,standard,イルグルム,5250,情報・通信業,-,false,false,true
3698.T,1,standard,ＣＲＩ・ミドルウェア,5250,情報・通信業,-,false,false,true
3710.T,1,standard,ジョルダン,5250,情報・通信業,-,false,false,true
3712.T,1,standard,情報企画,5250,情報・通信業,-,false,false,true
3719.T,1,standard,ＡＩストーム,5250,情報・通信業,-,false,false,true
3726.T,1,standard,フォーシーズＨＤ,6100,小売業,-,false,false,true
372A.T,1,standard,レント,9050,サービス業,-,false,false,true
3733.T,1,standard,ソフトウェア・サービス,5250,情報・通信業,-,false,false,true
3744.T,1,standard,サイオス,5250,情報・通信業,-,false,false,true
3747.T,1,standard,インタートレード,5250,情報・通信業,-,false,false,true
3750.T,1,standard,ＡＤＲ１２０Ｓ,5250,情報・通信業,-,false,false,true
3753.T,1,standard,フライトソリューションズ,5250,情報・通信業,-,false,false,true
3758.T,1,standard,アエリア,5250,情報・通信業,-,false,false,true
3760.T,1,standard,ケイブ,5250,情報・通信業,-,false,false,true
3766.T,1,standard,システムズ・デザイン,5250,情報・通信業,-,false,false,true
3768.T,1,standard,リスクモンスター,5250,情報・通信業,-,false,false,true
3772.T,1,standard,ウェルス・マネジメント,8050,不動産業,-,false,false,true
3776.T,1,standard,ブロードバンドタワー,5250,情報・通信業,-,false,false,true
3779.T,1,standard,ジェイ・エスコムホールディングス,5250,情報・通信業,-,false,false,true
3787.T,1,standard,テクノマセマティカル,5250,情報・通信業,-,false,false,true
3791.T,1,standard,ＩＧポート,5250,情報・通信業,-,false,false,true
3796.T,1,standard,いい生活,5250,情報・通信業,-,false,false,true
3798.T,1,standard,ＵＬＳグループ,5250,情報・通信業,-,false,false,true
3799.T,1,standard,キーウェアソリューションズ,5250,情報・通信業,-,false,false,true
3800.T,1,standard,ユニリタ,5250,情報・通信業,-,false,false,true
3802.T,1,standard,エコミック,5250,情報・通信業,-,false,false,true
3804.T,1,standard,システム　ディ,5250,情報・通信業,-,false,false,true
3810.T,1,standard,サイバーステップホールディングス,5250,情報・通信業,-,false,false,true
3816.T,1,standard,大和コンピューター,5250,情報・通信業,-,false,false,true
3823.T,1,standard,ＴＨＥ　ＷＨＹ　ＨＯＷ　ＤＯ　ＣＯＭＰＡＮＹ,5250,情報・通信業,-,false,false,true
3825.T,1,standard,リミックスポイント,6100,小売業,-,false,false,true
3826.T,1,standard,システムインテグレータ,5250,情報・通信業,-,false,false,true
3839.T,1,standard,ＯＤＫソリューションズ,5250,情報・通信業,-,false,false,true
3840.T,1,standard,パス,5250,情報・通信業,-,false,false,true
3841.T,1,standard,ジーダット,5250,情報・通信業,-,false,false,true
3842.T,1,standard,ネクストジェン,5250,情報・通信業,-,false,false,true
3845.T,1,standard,アイフリークモバイル,5250,情報・通信業,-,false,false,true
3848.T,1,standard,データ・アプリケーション,5250,情報・通信業,-,false,false,true
3850.T,1,standard,エヌ・ティ・ティ・データ・イントラマート,5250,情報・通信業,-,false,false,true
3851.T,1,standard,日本一ソフトウェア,5250,情報・通信業,-,false,false,true
3856.T,1,standard,Ａｂａｌａｎｃｅ,3650,電気機器,-,false,false,true
3858.T,1,standard,ユビキタスＡＩ,5250,情報・通信業,-,false,false,true
386A.T,1,standard,みのや,6100,小売業,-,false,false,true
3878.T,1,standard,巴川コーポレーション,3200,化学,-,false,false,true
3891.T,1,standard,ニッポン高度紙工業,3150,パルプ・紙,-,false,false,true
3892.T,1,standard,岡山製紙,3150,パルプ・紙,-,false,false,true
3895.T,1,standard,ハビックス,3150,パルプ・紙,-,false,false,true
3896.T,1,standard,阿波製紙,3150,パルプ・紙,-,false,false,true
3907.T,1,standard,シリコンスタジオ,5250,情報・通信業,-,false,false,true
3908.T,1,standard,コラボス,5250,情報・通信業,-,false,false,true
3909.T,1,standard,ショーケース,5250,情報・通信業,-,false,false,true
3910.T,1,standard,エムケイシステム,5250,情報・通信業,-,false,false,true
3912.T,1,standard,モバイルファクトリー,5250,情報・通信業,-,false,false,true
3913.T,1,standard,ＧｒｅｅｎＢｅｅ,5250,情報・通信業,-,false,false,true
3918.T,1,standard,ＰＣＩホールディングス,5250,情報・通信業,-,false,false,true
3920.T,1,standard,アイビーシー,5250,情報・通信業,-,false,false,true
3926.T,1,standard,オープンドア,5250,情報・通信業,TOPIX Small 2,false,false,true
3927.T,1,standard,フーバーブレイン,5250,情報・通信業,-,false,false,true
3928.T,1,standard,マイネット,5250,情報・通信業,-,false,false,true
3933.T,1,standard,チエル,5250,情報・通信業,-,false,false,true
3934.T,1,standard,ベネフィットジャパン,5250,情報・通信業,-,false,false,true
3935.T,1,standard,エディア,5250,情報・通信業,-,false,false,true
3937.T,1,standard,Ｕｂｉｃｏｍホールディングス,5250,情報・通信業,TOPIX Small 2,false,false,true
3940.T,1,standard,ノムラシステムコーポレーション,5250,情報・通信業,-,false,false,true
3943.T,1,standard,大石産業,3150,パルプ・紙,-,false,false,true
3944.T,1,standard,古林紙工,3150,パルプ・紙,-,false,false,true
3945.T,1,standard,スーパーバッグ,3150,パルプ・紙,-,false,false,true
3947.T,1,standard,ダイナパック,3150,パルプ・紙,-,false,false,true
3948.T,1,standard,光ビジネスフォーム,3150,パルプ・紙,-,false,false,true
3951.T,1,standard,朝日印刷,3150,パルプ・紙,-,false,false,true
3953.T,1,standard,大村紙業,3150,パルプ・紙,-,false,false,true
3954.T,1,standard,昭和パックス,3150,パルプ・紙,-,false,false,true
3955.T,1,standard,イムラ,3150,パルプ・紙,-,false,false,true
3958.T,1,standard,笹徳印刷,3150,パルプ・紙,-,false,false,true
3965.T,1,standard,キャピタル・アセット・プランニング,5250,情報・通信業,-,false,false,true
3969.T,1,standard,エイトレッド,5250,情報・通信業,-,false,false,true
3974.T,1,standard,ＳＣＡＴ,5250,情報・通信業,-,false,false,true
3981.T,1,standard,ビーグリー,5250,情報・通信業,-,false,false,true
3985.T,1,standard,テモナ,5250,情報・通信業,-,false,false,true
3986.T,1,standard,ビーブレイクシステムズ,5250,情報・通信業,-,false,false,true
3988.T,1,standard,ＳＹＳホールディングス,5250,情報・通信業,-,false,false,true
3996.T,1,standard,サインポスト,5250,情報・通信業,-,false,false,true
3997.T,1,standard,トレードワークス,5250,情報・通信業,-,false,false,true
4012.T,1,standard,アクシス,5250,情報・通信業,-,false,false,true
4016.T,1,standard,ＭＩＴホールディングス,5250,情報・通信業,-,false,false,true
4026.T,1,standard,神島化学工業,3400,ガラス・土石製品,-,false,false,true
4031.T,1,standard,片倉コープアグリ,3200,化学,-,false,false,true
4040.T,1,standard,南海化学,3200,化学,-,false,false,true
4059.T,1,standard,まぐまぐ,5250,情報・通信業,-,false,false,true
407A.T,1,standard,ＵＮＩＣＯＮホールディングス,2050,建設業,-,false,false,true
4093.T,1,standard,東邦アセチレン,3200,化学,-,false,false,true
4094.T,1,standard,日本化学産業,3200,化学,-,false,false,true
4098.T,1,standard,チタン工業,3200,化学,-,false,false,true
4100.T,1,standard,戸田工業,3200,化学,TOPIX Small 2,false,false,true
4102.T,1,standard,丸尾カルシウム,3200,化学,-,false,false,true
4107.T,1,standard,伊勢化学工業,3200,化学,-,false,false,true
4113.T,1,standard,田岡化学工業,3200,化学,-,false,false,true
4119.T,1,standard,日本ピグメントホールディングス,3200,化学,-,false,false,true
4120.T,1,standard,スガイ化学工業,3200,化学,-,false,false,true
4124.T,1,standard,大阪油化工業,3200,化学,-,false,false,true
4125.T,1,standard,三和油化工業,3200,化学,-,false,false,true
416A.T,1,standard,富士ユナイトホールディングス,6050,卸売業,-,false,false,true
4171.T,1,standard,グローバルインフォメーション,5250,情報・通信業,-,false,false,true
4172.T,1,standard,Ｈｉクラテス,5250,情報・通信業,-,false,false,true
4174.T,1,standard,アピリッツ,5250,情報・通信業,-,false,false,true
4193.T,1,standard,ファブリカホールディングス,5250,情報・通信業,-,false,false,true
4196.T,1,standard,ネオマーケティング,5250,情報・通信業,-,false,false,true
4197.T,1,standard,アスマーク,5250,情報・通信業,-,false,false,true
4198.T,1,standard,テンダ,5250,情報・通信業,-,false,false,true
4222.T,1,standard,児玉化学工業,3200,化学,-,false,false,true
4224.T,1,standard,ロンシール工業,3200,化学,-,false,false,true
4231.T,1,standard,タイガースポリマー,3200,化学,-,false,false,true
4234.T,1,standard,サンエー化研,3200,化学,-,false,false,true
4235.T,1,standard,ウルトラファブリックス・ホールディングス,3200,化学,-,false,false,true
4237.T,1,standard,フジプレアム,3200,化学,-,false,false,true
4238.T,1,standard,ミライアル,3200,化学,-,false,false,true
423A.T,1,standard,ライオン事務器,6050,卸売業,-,false,false,true
4240.T,1,standard,クラスターテクノロジー,3200,化学,-,false,false,true
4241.T,1,standard,アテクト,3200,化学,-,false,false,true
4242.T,1,standard,タカギセイコー,3200,化学,-,false,false,true
4243.T,1,standard,ニックス,3200,化学,-,false,false,true
4245.T,1,standard,ダイキアクシス,3200,化学,-,false,false,true
4247.T,1,standard,ポバール興業,3200,化学,-,false,false,true
4248.T,1,standard,竹本容器,3200,化学,-,false,false,true
4274.T,1,standard,細谷火工,3200,化学,-,false,false,true
4284.T,1,standard,ソルクシーズ,5250,情報・通信業,-,false,false,true
4286.T,1,standard,ＣＬホールディングス,9050,サービス業,TOPIX Small 2,false,false,true
4287.T,1,standard,ジャストプランニング,5250,情報・通信業,-,false,false,true
4288.T,1,standard,アズジェント,5250,情報・通信業,-,false,false,true
428A.T,1,standard,サイプレス・ホールディングス,6100,小売業,-,false,false,true
4293.T,1,standard,セプテーニ・ホールディングス,9050,サービス業,-,false,false,true
4299.T,1,standard,ハイマックス,5250,情報・通信業,TOPIX Small 2,false,false,true
4317.T,1,standard,レイ,9050,サービス業,-,false,false,true
4320.T,1,standard,ＣＥホールディングス,5250,情報・通信業,-,false,false,true
4334.T,1,standard,ユークス,5250,情報・通信業,-,false,false,true
4335.T,1,standard,ＩＰＳホールディングス,5250,情報・通信業,-,false,false,true
4341.T,1,standard,西菱電機,9050,サービス業,-,false,false,true
4346.T,1,standard,ＮＥＸＹＺ．Ｇｒｏｕｐ,7200,その他金融業,-,false,false,true
4347.T,1,standard,ブロードメディア,9050,サービス業,-,false,false,true
4350.T,1,standard,メディカルシステムネットワーク,6100,小売業,TOPIX Small 2,false,false,true
4351.T,1,standard,山田再生系債権回収総合事務所,7200,その他金融業,-,false,false,true
4356.T,1,standard,応用技術,5250,情報・通信業,-,false,false,true
4360.T,1,standard,マナック・ケミカル・パートナーズ,3200,化学,-,false,false,true
4361.T,1,standard,川口化学工業,3200,化学,-,false,false,true
4365.T,1,standard,松本油脂製薬,3200,化学,-,false,false,true
4366.T,1,standard,ダイトーケミックス,3200,化学,-,false,false,true
4367.T,1,standard,広栄化学,3200,化学,-,false,false,true
4382.T,1,standard,ＨＥＲＯＺ,5250,情報・通信業,TOPIX Small 2,false,false,true
4386.T,1,standard,ＳＩＧグループ,5250,情報・通信業,-,false,false,true
4388.T,1,standard,エーアイ,5250,情報・通信業,-,false,false,true
4398.T,1,standard,ブロードバンドセキュリティ,5250,情報・通信業,-,false,false,true
4404.T,1,standard,ミヨシ油脂,3050,食料品,-,false,false,true
4406.T,1,standard,新日本理化,3200,化学,-,false,false,true
4409.T,1,standard,東邦化学工業,3200,化学,-,false,false,true
4420.T,1,standard,イーソル,5250,情報・通信業,TOPIX Small 2,false,false,true
4421.T,1,standard,ディ・アイ・システム,5250,情報・通信業,-,false,false,true
4430.T,1,standard,東海ソフト,5250,情報・通信業,-,false,false,true
4434.T,1,standard,サーバーワークス,5250,情報・通信業,TOPIX Small 2,false,false,true
4439.T,1,standard,東名,5250,情報・通信業,-,false,false,true
4440.T,1,standard,ヴィッツ,5250,情報・通信業,-,false,false,true
4441.T,1,standard,トビラシステムズ,5250,情報・通信業,-,false,false,true
4463.T,1,standard,日華化学,3200,化学,-,false,false,true
4464.T,1,standard,ソフト９９コーポレーション,3200,化学,-,false,false,true
4465.T,1,standard,ニイタカ,3200,化学,-,false,false,true
4491.T,1,standard,コンピューターマネージメント,5250,情報・通信業,-,false,false,true
4492.T,1,standard,ゼネテック,5250,情報・通信業,-,false,false,true
4494.T,1,standard,バリオセキュア,5250,情報・通信業,-,false,false,true
4499.T,1,standard,Ｓｐｅｅｅ,5250,情報・通信業,-,false,false,true
4512.T,1,standard,わかもと製薬,3250,医薬品,-,false,false,true
4524.T,1,standard,森下仁丹,3250,医薬品,-,false,false,true
4531.T,1,standard,有機合成薬品工業,3200,化学,-,false,false,true
4539.T,1,standard,日本ケミファ,3250,医薬品,-,false,false,true
4556.T,1,standard,カイノス,3250,医薬品,-,false,false,true
4558.T,1,standard,中京医薬品,3250,医薬品,-,false,false,true
4595.T,1,standard,ミズホメディー,3250,医薬品,-,false,false,true
4615.T,1,standard,神東塗料,3200,化学,-,false,false,true
4616.T,1,standard,川上塗料,3200,化学,-,false,false,true
4619.T,1,standard,日本特殊塗料,3200,化学,-,false,false,true
4620.T,1,standard,藤倉化成,3200,化学,TOPIX Small 2,false,false,true
4623.T,1,standard,アサヒペン,3200,化学,-,false,false,true
4624.T,1,standard,イサム塗料,3200,化学,-,false,false,true
4625.T,1,standard,アトミクス,3200,化学,-,false,false,true
4627.T,1,standard,ナトコ,3200,化学,-,false,false,true
4628.T,1,standard,エスケー化研,3200,化学,-,false,false,true
4629.T,1,standard,大伸化学,3200,化学,-,false,false,true
4635.T,1,standard,東京インキ,3200,化学,-,false,false,true
463A.T,1,standard,インテリックスホールディングス,8050,不動産業,-,false,false,true
4642.T,1,standard,オリジナル設計,9050,サービス業,-,false,false,true
4644.T,1,standard,イマジニア,5250,情報・通信業,-,false,false,true
4645.T,1,standard,市進ホールディングス,9050,サービス業,-,false,false,true
4650.T,1,standard,ＳＤエンターテイメント,9050,サービス業,-,false,false,true
4651.T,1,standard,サニックスホールディングス,9050,サービス業,TOPIX Small 2,false,false,true
4657.T,1,standard,環境管理センター,9050,サービス業,-,false,false,true
4659.T,1,standard,エイジス,9050,サービス業,-,false,false,true
4664.T,1,standard,アール・エス・シー,9050,サービス業,-,false,false,true
4667.T,1,standard,アイサンテクノロジー,5250,情報・通信業,-,false,false,true
4671.T,1,standard,ファルコホールディングス,9050,サービス業,TOPIX Small 2,false,false,true
4673.T,1,standard,川崎地質,9050,サービス業,-,false,false,true
4678.T,1,standard,秀英予備校,9050,サービス業,-,false,false,true
4679.T,1,standard,田谷,9050,サービス業,-,false,false,true
4685.T,1,standard,菱友システムズ,5250,情報・通信業,-,false,false,true
4691.T,1,standard,ワシントンホテル,9050,サービス業,-,false,false,true
4705.T,1,standard,クリップコーポレーション,9050,サービス業,-,false,false,true
4707.T,1,standard,キタック,9050,サービス業,-,false,false,true
4712.T,1,standard,ＫｅｙＨｏｌｄｅｒ,9050,サービス業,-,false,false,true
4716.T,1,standard,日本オラクル,5250,情報・通信業,TOPIX Mid400,false,false,true
4720.T,1,standard,城南進学研究社,9050,サービス業,-,false,false,true
4728.T,1,standard,トーセ,5250,情報・通信業,-,false,false,true
4735.T,1,standard,京進,9050,サービス業,-,false,false,true
4736.T,1,standard,日本ラッド,5250,情報・通信業,-,false,false,true
4746.T,1,standard,東計電算,5250,情報・通信業,TOPIX Small 2,false,false,true
4750.T,1,standard,ダイサン,9050,サービス業,-,false,false,true
4752.T,1,standard,昭和システムエンジニアリング,5250,情報・通信業,-,false,false,true
4754.T,1,standard,トスネット,9050,サービス業,-,false,false,true
475A.T,1,standard,ギミック,9050,サービス業,-,false,false,true
4760.T,1,standard,アルファ,9050,サービス業,-,false,false,true
4761.T,1,standard,さくらケーシーエス,5250,情報・通信業,-,false,false,true
4762.T,1,standard,エックスネット,5250,情報・通信業,-,false,false,true
4766.T,1,standard,ピーエイ,9050,サービス業,-,false,false,true
4767.T,1,standard,テー・オー・ダブリュー,9050,サービス業,TOPIX Small 2,false,false,true
4769.T,1,standard,ＩＣ,5250,情報・通信業,-,false,false,true
476A.T,1,standard,辻・本郷ＩＴコンサルティング,5250,情報・通信業,-,false,false,true
4771.T,1,standard,エフアンドエム,9050,サービス業,-,false,false,true
4777.T,1,standard,ガーラ,5250,情報・通信業,-,false,false,true
4783.T,1,standard,ＮＣＤ,5250,情報・通信業,-,false,false,true
4800.T,1,standard,オリコン,5250,情報・通信業,-,false,false,true
4814.T,1,standard,ネクストウェア,5250,情報・通信業,-,false,false,true
4816.T,1,standard,東映アニメーション,5250,情報・通信業,-,false,false,true
4829.T,1,standard,日本エンタープライズ,5250,情報・通信業,-,false,false,true
4832.T,1,standard,ＪＦＥシステムズ,5250,情報・通信業,-,false,false,true
4838.T,1,standard,スペースシャワーＳＫＩＹＡＫＩホールディングス,5250,情報・通信業,-,false,false,true
483A.T,1,standard,テラテクノロジー,5250,情報・通信業,-,false,false,true
4840.T,1,standard,トライアイズ,9050,サービス業,-,false,false,true
4845.T,1,standard,スカラ,5250,情報・通信業,TOPIX Small 2,false,false,true
4880.T,1,standard,セルソース,3250,医薬品,TOPIX Small 2,false,false,true
4885.T,1,standard,室町ケミカル,3250,医薬品,-,false,false,true
4918.T,1,standard,アイビー化粧品,3200,化学,-,false,false,true
4920.T,1,standard,日本色材工業研究所,3200,化学,-,false,false,true
4925.T,1,standard,ハーバー研究所,3200,化学,-,false,false,true
4926.T,1,standard,シーボン,3200,化学,-,false,false,true
4929.T,1,standard,アジュバンホールディングス,3200,化学,-,false,false,true
4932.T,1,standard,アルマード,3200,化学,-,false,false,true
4935.T,1,standard,リベルタ,3200,化学,-,false,false,true
4936.T,1,standard,アクシージア,3200,化学,TOPIX Small 2,false,false,true
4960.T,1,standard,ケミプロ化成,3200,化学,-,false,false,true
4966.T,1,standard,上村工業,3200,化学,-,false,false,true
4970.T,1,standard,東洋合成工業,3200,化学,-,false,false,true
4972.T,1,standard,綜研化学,3200,化学,-,false,false,true
4976.T,1,standard,東洋ドライルーブ,3200,化学,-,false,false,true
4977.T,1,standard,新田ゼラチン,3200,化学,-,false,false,true
4979.T,1,standard,ＯＡＴアグリオ,3200,化学,TOPIX Small 2,false,false,true
4990.T,1,standard,昭和化学工業,3200,化学,-,false,false,true
4992.T,1,standard,北興化学工業,3200,化学,TOPIX Small 2,false,false,true
4994.T,1,standard,大成ラミックグループ,3200,化学,TOPIX Small 2,false,false,true
4998.T,1,standard,フマキラー,3200,化学,-,false,false,true
500A.T,1,standard,ＴＯブックス,5250,情報・通信業,-,false,false,true
5010.T,1,standard,日本精蝋,3300,石油・石炭製品,-,false,false,true
5013.T,1,standard,ユシロ,3300,石油・石炭製品,TOPIX Small 2,false,false,true
5015.T,1,standard,ビーピー・カストロール,3300,石油・石炭製品,-,false,false,true
5018.T,1,standard,ＭＯＲＥＳＣＯ,3300,石油・石炭製品,-,false,false,true
505A.T,1,standard,ギークリー,9050,サービス業,-,false,false,true
5071.T,1,standard,ヴィス,9050,サービス業,-,false,false,true
5078.T,1,standard,セレコーポレーション,2050,建設業,-,false,false,true
5079.T,1,standard,ノバック,2050,建設業,-,false,false,true
5103.T,1,standard,昭和ホールディングス,3350,ゴム製品,-,false,false,true
5133.T,1,standard,テリロジーホールディングス,5250,情報・通信業,-,false,false,true
5161.T,1,standard,西川ゴム工業,3350,ゴム製品,-,false,false,true
5162.T,1,standard,朝日ラバー,3350,ゴム製品,-,false,false,true
5184.T,1,standard,ニチリン,3350,ゴム製品,-,false,false,true
5187.T,1,standard,クリエートメディック,3750,精密機器,-,false,false,true
5189.T,1,standard,櫻護謨,3350,ゴム製品,-,false,false,true
5194.T,1,standard,相模ゴム工業,3350,ゴム製品,-,false,false,true
5199.T,1,standard,不二ラテックス,3350,ゴム製品,-,false,false,true
5204.T,1,standard,石塚硝子,3400,ガラス・土石製品,-,false,false,true
5210.T,1,standard,日本山村硝子,3400,ガラス・土石製品,-,false,false,true
5216.T,1,standard,倉元製作所,3400,ガラス・土石製品,-,false,false,true
5218.T,1,standard,オハラ,3400,ガラス・土石製品,TOPIX Small 2,false,false,true
5237.T,1,standard,ノザワ,3400,ガラス・土石製品,-,false,false,true
5250.T,1,standard,ＧＭＯプライム・ストラテジー,5250,情報・通信業,-,false,false,true
5257.T,1,standard,ノバシステム,5250,情報・通信業,-,false,false,true
5271.T,1,standard,トーヨーアサノ,3400,ガラス・土石製品,-,false,false,true
5273.T,1,standard,三谷セキサン,3400,ガラス・土石製品,TOPIX Small 2,false,false,true
5279.T,1,standard,日本興業,3400,ガラス・土石製品,-,false,false,true
5280.T,1,standard,ヨシコン,8050,不動産業,-,false,false,true
5282.T,1,standard,ジオスター,3400,ガラス・土石製品,-,false,false,true
5283.T,1,standard,高見澤,6050,卸売業,-,false,false,true
5284.T,1,standard,ヤマウホールディングス,3400,ガラス・土石製品,-,false,false,true
5285.T,1,standard,ヤマックス,3400,ガラス・土石製品,-,false,false,true
5287.T,1,standard,イトーヨーギョー,3400,ガラス・土石製品,-,false,false,true
5290.T,1,standard,ベルテクスコーポレーション,3400,ガラス・土石製品,-,false,false,true
5304.T,1,standard,ＳＥＣカーボン,3400,ガラス・土石製品,-,false,false,true
5337.T,1,standard,ダントーホールディングス,3400,ガラス・土石製品,-,false,false,true
5341.T,1,standard,ＡＳＡＨＩ　ＥＩＴＯホールディングス,3400,ガラス・土石製品,-,false,false,true
5355.T,1,standard,日本坩堝,3400,ガラス・土石製品,-,false,false,true
5356.T,1,standard,美濃窯業,3400,ガラス・土石製品,-,false,false,true
5363.T,1,standard,東京窯業,3400,ガラス・土石製品,-,false,false,true
5367.T,1,standard,ニッカトー,3400,ガラス・土石製品,-,false,false,true
5368.T,1,standard,日本インシュレーション,3400,ガラス・土石製品,-,false,false,true
5380.T,1,standard,新東,3400,ガラス・土石製品,-,false,false,true
5381.T,1,standard,マイポックス,3400,ガラス・土石製品,-,false,false,true
5388.T,1,standard,クニミネ工業,3400,ガラス・土石製品,-,false,false,true
5391.T,1,standard,エーアンドエーマテリアル,3400,ガラス・土石製品,-,false,false,true
5446.T,1,standard,北越メタル,3450,鉄鋼,-,false,false,true
5449.T,1,standard,大阪製鐵,3450,鉄鋼,TOPIX Small 2,false,false,true
5458.T,1,standard,高砂鐵工,3450,鉄鋼,-,false,false,true
5464.T,1,standard,モリ工業,3450,鉄鋼,TOPIX Small 2,false,false,true
5484.T,1,standard,東北特殊鋼,3450,鉄鋼,-,false,false,true
548A.T,1,standard,システムエグゼ,5250,情報・通信業,-,false,false,true
5491.T,1,standard,日本金属,3450,鉄鋼,-,false,false,true
549A.T,1,standard,ヒトトヒトホールディングス,9050,サービス業,-,false,false,true
550A.T,1,standard,ソフトテックス,5250,情報・通信業,-,false,false,true
5533.T,1,standard,エリッツホールディングス,8050,不動産業,-,false,false,true
5542.T,1,standard,新報国マテリアル,3450,鉄鋼,-,false,false,true
5571.T,1,standard,エキサイトホールディングス,5250,情報・通信業,-,false,false,true
5576.T,1,standard,オービーシステム,5250,情報・通信業,-,false,false,true
5589.T,1,standard,オートサーバー,5250,情報・通信業,-,false,false,true
559A.T,1,standard,梅乃宿酒造,3050,食料品,-,false,false,true
5603.T,1,standard,虹技,3450,鉄鋼,-,false,false,true
5609.T,1,standard,日本鋳造,3450,鉄鋼,-,false,false,true
5612.T,1,standard,日本鋳鉄管,3450,鉄鋼,-,false,false,true
5644.T,1,standard,メタルアート,3450,鉄鋼,-,false,false,true
5658.T,1,standard,日亜鋼業,3450,鉄鋼,-,false,false,true
5660.T,1,standard,神鋼鋼線工業,3450,鉄鋼,-,false,false,true
5695.T,1,standard,パウダーテック,3450,鉄鋼,-,false,false,true
5697.T,1,standard,サンユウ,3450,鉄鋼,-,false,false,true
5698.T,1,standard,エンビプロ・ホールディングス,3450,鉄鋼,TOPIX Small 2,false,false,true
5699.T,1,standard,イボキン,3450,鉄鋼,-,false,false,true
5721.T,1,standard,エスクリプトエナジー,3500,非鉄金属,-,false,false,true
5724.T,1,standard,アサカ理研,3500,非鉄金属,-,false,false,true
5729.T,1,standard,日本精鉱,3500,非鉄金属,-,false,false,true
5742.T,1,standard,エヌアイシ・オートテック,3500,非鉄金属,-,false,false,true
5753.T,1,standard,日本伸銅,3500,非鉄金属,-,false,false,true
5816.T,1,standard,オーナンバ,3500,非鉄金属,-,false,false,true
5817.T,1,standard,ＪＭＡＣＳ,3500,非鉄金属,-,false,false,true
5819.T,1,standard,カナレ電気,3500,非鉄金属,-,false,false,true
5820.T,1,standard,三ッ星,3500,非鉄金属,-,false,false,true
5843.T,1,standard,ニッポンインシュア,7200,その他金融業,-,false,false,true
5845.T,1,standard,全保連,7200,その他金融業,-,false,false,true
5856.T,1,standard,エルアイイーエイチ,6100,小売業,-,false,false,true
5868.T,1,standard,ロココ,9050,サービス業,-,false,false,true
5869.T,1,standard,早稲田学習研究会,9050,サービス業,-,false,false,true
5871.T,1,standard,ＳＯＬＩＺＥ　Ｈｏｌｄｉｎｇｓ,9050,サービス業,-,false,false,true
5885.T,1,standard,ジーデップ・アドバンス,6050,卸売業,-,false,false,true
5891.T,1,standard,魁力屋,6100,小売業,-,false,false,true
5900.T,1,standard,ダイケン,3550,金属製品,-,false,false,true
5903.T,1,standard,シンポ,3550,金属製品,-,false,false,true
5905.T,1,standard,日本製罐,3550,金属製品,-,false,false,true
5906.T,1,standard,エムケー精工,3550,金属製品,-,false,false,true
5909.T,1,standard,コロナ,3550,金属製品,TOPIX Small 2,false,false,true
5915.T,1,standard,駒井ハルテック,3550,金属製品,-,false,false,true
5918.T,1,standard,瀧上工業,3550,金属製品,-,false,false,true
5921.T,1,standard,川岸工業,3550,金属製品,-,false,false,true
5922.T,1,standard,那須電機鉄工,3550,金属製品,-,false,false,true
5923.T,1,standard,高田機工,3550,金属製品,-,false,false,true
5928.T,1,standard,アルメタックス,3550,金属製品,-,false,false,true
5936.T,1,standard,東洋シヤッター,3550,金属製品,-,false,false,true
5939.T,1,standard,大谷工業,3550,金属製品,-,false,false,true
5940.T,1,standard,不二サッシ,3550,金属製品,-,false,false,true
5941.T,1,standard,中西製作所,3550,金属製品,-,false,false,true
5942.T,1,standard,日本フイルコン,3550,金属製品,-,false,false,true
5945.T,1,standard,天龍製鋸,3550,金属製品,-,false,false,true
5950.T,1,standard,日本パワーファスニング,3550,金属製品,-,false,false,true
5951.T,1,standard,ダイニチ工業,3550,金属製品,-,false,false,true
5952.T,1,standard,アマテイ,3550,金属製品,-,false,false,true
5955.T,1,standard,ワイズホールディングス,3550,金属製品,-,false,false,true
5956.T,1,standard,トーソー,3550,金属製品,-,false,false,true
5958.T,1,standard,三洋工業,3550,金属製品,-,false,false,true
5962.T,1,standard,浅香工業,3800,その他製品,-,false,false,true
5965.T,1,standard,フジマック,3550,金属製品,-,false,false,true
5966.T,1,standard,京都機械工具,3550,金属製品,-,false,false,true
5967.T,1,standard,ＴＯＮＥ,3550,金属製品,-,false,false,true
5969.T,1,standard,ロブテックス,3550,金属製品,-,false,false,true
5971.T,1,standard,共和工業所,3550,金属製品,-,false,false,true
5973.T,1,standard,トーアミ,3550,金属製品,-,false,false,true
5974.T,1,standard,中国工業,3550,金属製品,-,false,false,true
5982.T,1,standard,マルゼン,3550,金属製品,-,false,false,true
5983.T,1,standard,イワブチ,3550,金属製品,-,false,false,true
5984.T,1,standard,兼房,3550,金属製品,-,false,false,true
5985.T,1,standard,サンコール,3550,金属製品,TOPIX Small 2,false,false,true
5986.T,1,standard,モリテック　スチール,3550,金属製品,-,false,false,true
5987.T,1,standard,オーネックス,3550,金属製品,-,false,false,true
5990.T,1,standard,スーパーツール,3550,金属製品,-,false,false,true
5992.T,1,standard,中央発條,3550,金属製品,TOPIX Small 2,false,false,true
5994.T,1,standard,ファインシンター,3550,金属製品,-,false,false,true
5997.T,1,standard,協立エアテック,3550,金属製品,-,false,false,true
5998.T,1,standard,アドバネクス,3550,金属製品,-,false,false,true
6016.T,1,standard,ジャパンエンジンコーポレーション,3700,輸送用機器,-,false,false,true
6018.T,1,standard,阪神内燃機工業,3700,輸送用機器,-,false,false,true
6022.T,1,standard,赤阪鐵工所,3600,機械,-,false,false,true
6023.T,1,standard,ダイハツインフィニアース,3700,輸送用機器,-,false,false,true
6029.T,1,standard,アトラグループ,9050,サービス業,-,false,false,true
6035.T,1,standard,アイ・アールジャパンホールディングス,9050,サービス業,TOPIX Small 2,false,false,true
6037.T,1,standard,楽待,9050,サービス業,-,false,false,true
6042.T,1,standard,ニッキ,3700,輸送用機器,-,false,false,true
6044.T,1,standard,三機サービス,9050,サービス業,-,false,false,true
6046.T,1,standard,リンクバル,9050,サービス業,-,false,false,true
6054.T,1,standard,リブセンス,9050,サービス業,-,false,false,true
6059.T,1,standard,ウチヤマホールディングス,9050,サービス業,-,false,false,true
6061.T,1,standard,ユニバーサル園芸社,9050,サービス業,-,false,false,true
6063.T,1,standard,日本エマージェンシーアシスタンス,9050,サービス業,-,false,false,true
6072.T,1,standard,地盤ネットホールディングス,9050,サービス業,-,false,false,true
6074.T,1,standard,ジェイエスエス,9050,サービス業,-,false,false,true
6082.T,1,standard,ライドオンエクスプレスホールディングス,9050,サービス業,TOPIX Small 2,false,false,true
6083.T,1,standard,ＥＲＩホールディングス,9050,サービス業,-,false,false,true
6087.T,1,standard,アビスト,9050,サービス業,-,false,false,true
6090.T,1,standard,ヒューマン・メタボローム・テクノロジーズ,9050,サービス業,-,false,false,true
6091.T,1,standard,ウエスコホールディングス,9050,サービス業,-,false,false,true
6092.T,1,standard,エンバイオ・ホールディングス,9050,サービス業,-,false,false,true
6093.T,1,standard,エスクロー・エージェント・ジャパン,9050,サービス業,-,false,false,true
6096.T,1,standard,レアジョブ,9050,サービス業,-,false,false,true
6125.T,1,standard,岡本工作機械製作所,3600,機械,-,false,false,true
6137.T,1,standard,小池酸素工業,3600,機械,-,false,false,true
6138.T,1,standard,ダイジェット工業,3600,機械,-,false,false,true
6144.T,1,standard,西部電機,3600,機械,-,false,false,true
6145.T,1,standard,ＮＩＴＴＯＫＵ,3600,機械,-,false,false,true
6147.T,1,standard,ヤマザキ,3600,機械,-,false,false,true
6149.T,1,standard,小田原エンジニアリング,3600,機械,-,false,false,true
6150.T,1,standard,タケダ機械,3600,機械,-,false,false,true
6155.T,1,standard,高松機械工業,3600,機械,-,false,false,true
6156.T,1,standard,エーワン精密,3600,機械,-,false,false,true
6157.T,1,standard,日進工具,3600,機械,TOPIX Small 2,false,false,true
6158.T,1,standard,和井田製作所,3600,機械,-,false,false,true
6159.T,1,standard,ミクロン精密,3600,機械,-,false,false,true
6161.T,1,standard,エスティック,3600,機械,-,false,false,true
6165.T,1,standard,パンチ工業,3600,機械,-,false,false,true
6171.T,1,standard,土木管理総合試験所,9050,サービス業,-,false,false,true
6176.T,1,standard,ブランジスタ,9050,サービス業,-,false,false,true
6185.T,1,standard,ＳＭＮ,9050,サービス業,-,false,false,true
6186.T,1,standard,一蔵,9050,サービス業,-,false,false,true
6189.T,1,standard,グローバルキッズＣＯＭＰＡＮＹ,9050,サービス業,-,false,false,true
6199.T,1,standard,セラク,5250,情報・通信業,TOPIX Small 2,false,false,true
6203.T,1,standard,豊和工業,3600,機械,-,false,false,true
6208.T,1,standard,石川製作所,3600,機械,-,false,false,true
6217.T,1,standard,津田駒工業,3600,機械,-,false,false,true
6218.T,1,standard,エンシュウ,3600,機械,-,false,false,true
6223.T,1,standard,西部技研,3600,機械,-,false,false,true
6226.T,1,standard,守谷輸送機工業,3600,機械,-,false,false,true
6227.T,1,standard,ＡＩメカテック,3600,機械,-,false,false,true
6228.T,1,standard,ジェイ・イー・ティ,3600,機械,-,false,false,true
6229.T,1,standard,オーケーエム,3600,機械,-,false,false,true
6230.T,1,standard,ＳＡＮＥＩ,3600,機械,-,false,false,true
6231.T,1,standard,木村工機,3600,機械,-,false,false,true
6233.T,1,standard,ＫＬＡＳＳ,3600,機械,-,false,false,true
6239.T,1,standard,ナガオカ,3600,機械,-,false,false,true
6245.T,1,standard,ヒラノテクシード,3600,機械,-,false,false,true
6246.T,1,standard,テクノスマート,3600,機械,-,false,false,true
6248.T,1,standard,横田製作所,3600,機械,-,false,false,true
6249.T,1,standard,ゲームカードホールディングス,3600,機械,-,false,false,true
6257.T,1,standard,藤商事,3600,機械,-,false,false,true
6262.T,1,standard,ＰＥＧＡＳＵＳ,3600,機械,TOPIX Small 2,false,false,true
6265.T,1,standard,コンバム,3600,機械,-,false,false,true
6267.T,1,standard,ゼネラルパッカー,3600,機械,-,false,false,true
6276.T,1,standard,シリウスビジョン,3650,電気機器,-,false,false,true
6286.T,1,standard,靜甲,3600,機械,-,false,false,true
6291.T,1,standard,日本エアーテック,3600,機械,TOPIX Small 2,false,false,true
6292.T,1,standard,カワタ,3600,機械,-,false,false,true
6307.T,1,standard,サンセイ,3600,機械,-,false,false,true
6316.T,1,standard,丸山製作所,3600,機械,-,false,false,true
6317.T,1,standard,北川鉄工所,3600,機械,TOPIX Small 2,false,false,true
6322.T,1,standard,タクミナ,3600,機械,-,false,false,true
6325.T,1,standard,タカキタ,3600,機械,-,false,false,true
6327.T,1,standard,北川精機,3600,機械,-,false,false,true
6334.T,1,standard,明治機械,3600,機械,-,false,false,true
6335.T,1,standard,東京機械製作所,3600,機械,-,false,false,true
6336.T,1,standard,石井表記,3600,機械,-,false,false,true
6337.T,1,standard,テセック,3600,機械,-,false,false,true
6338.T,1,standard,タカトリ,3600,機械,-,false,false,true
6342.T,1,standard,太平製作所,3600,機械,-,false,false,true
6343.T,1,standard,フリージア・マクロス,3600,機械,-,false,false,true
6346.T,1,standard,キクカワエンタープライズ,3600,機械,-,false,false,true
6347.T,1,standard,プラコー,3600,機械,-,false,false,true
6356.T,1,standard,日本ギア工業,3600,機械,-,false,false,true
6357.T,1,standard,三精テクノロジーズ,3600,機械,-,false,false,true
6360.T,1,standard,東京自働機械製作所,3600,機械,-,false,false,true
6365.T,1,standard,電業社機械製作所,3600,機械,-,false,false,true
6366.T,1,standard,千代田化工建設,2050,建設業,-,false,false,true
6378.T,1,standard,木村化工機,3600,機械,TOPIX Small 2,false,false,true
6380.T,1,standard,オリエンタルチエン工業,3600,機械,-,false,false,true
6382.T,1,standard,トリニティ工業,3600,機械,-,false,false,true
6384.T,1,standard,昭和真空,3600,機械,-,false,false,true
6391.T,1,standard,加地テック,3600,機械,-,false,false,true
6392.T,1,standard,ヤマダコーポレーション,3600,機械,-,false,false,true
6393.T,1,standard,油研工業,3600,機械,-,false,false,true
6396.T,1,standard,宇野澤組鐵工所,3600,機械,-,false,false,true
6400.T,1,standard,不二精機,3600,機械,-,false,false,true
6402.T,1,standard,兼松エンジニアリング,3600,機械,-,false,false,true
6403.T,1,standard,水道機工,3600,機械,-,false,false,true
6405.T,1,standard,鈴茂器工,3600,機械,-,false,false,true
6408.T,1,standard,小倉クラッチ,3600,機械,-,false,false,true
6424.T,1,standard,高見沢サイバネティックス,3600,機械,-,false,false,true
6425.T,1,standard,ユニバーサルエンターテインメント,3600,機械,-,false,false,true
6428.T,1,standard,オーイズミ,3600,機械,-,false,false,true
6433.T,1,standard,ヒーハイスト,3600,機械,-,false,false,true
6444.T,1,standard,サンデン,3600,機械,-,false,false,true
6466.T,1,standard,ＴＶＥ,3600,機械,-,false,false,true
6467.T,1,standard,ニチダイ,3600,機械,-,false,false,true
6469.T,1,standard,放電精密加工研究所,3600,機械,-,false,false,true
6470.T,1,standard,大豊工業,3600,機械,TOPIX Small 2,false,false,true
6482.T,1,standard,ＹＵＳＨＩＮ,3600,機械,TOPIX Small 2,false,false,true
6484.T,1,standard,ＫＶＫ,3600,機械,-,false,false,true
6485.T,1,standard,前澤給装工業,3600,機械,TOPIX Small 2,false,false,true
6488.T,1,standard,ヨシタケ,3600,機械,-,false,false,true
6489.T,1,standard,前澤工業,3600,機械,-,false,false,true
6492.T,1,standard,岡野バルブ製造,3600,機械,-,false,false,true
6493.T,1,standard,ＮＩＴＴＡＮ,3700,輸送用機器,-,false,false,true
6494.T,1,standard,ＮＦＫホールディングス,3600,機械,-,false,false,true
6495.T,1,standard,宮入バルブ製作所,3600,機械,-,false,false,true
6496.T,1,standard,中北製作所,3600,機械,-,false,false,true
6497.T,1,standard,ハマイ,3600,機械,-,false,false,true
6505.T,1,standard,東洋電機製造,3650,電気機器,-,false,false,true
6513.T,1,standard,オリジン,3650,電気機器,-,false,false,true
6518.T,1,standard,三相電機,3650,電気機器,-,false,false,true
6524.T,1,standard,湖北工業,3650,電気機器,-,false,false,true
6538.T,1,standard,ディスラプターズ,9050,サービス業,-,false,false,true
6540.T,1,standard,船場,9050,サービス業,-,false,false,true
6543.T,1,standard,日宣,9050,サービス業,-,false,false,true
6546.T,1,standard,フルテック,9050,サービス業,-,false,false,true
6547.T,1,standard,グリーンズ,9050,サービス業,-,false,false,true
6549.T,1,standard,ディーエムソリューションズ,9050,サービス業,-,false,false,true
6551.T,1,standard,ツナググループ・ホールディングス,9050,サービス業,-,false,false,true
6552.T,1,standard,ＧａｍｅＷｉｔｈ,9050,サービス業,-,false,false,true
6555.T,1,standard,ＭＳ＆Ｃｏｎｓｕｌｔｉｎｇ,9050,サービス業,-,false,false,true
6565.T,1,standard,ＡＢホテル,9050,サービス業,-,false,false,true
6566.T,1,standard,要興業,9050,サービス業,-,false,false,true
6570.T,1,standard,共和コーポレーション,9050,サービス業,-,false,false,true
6578.T,1,standard,コレックホールディングス,9050,サービス業,-,false,false,true
6599.T,1,standard,エブレン,3650,電気機器,-,false,false,true
6614.T,1,standard,シキノハイテック,3650,電気機器,-,false,false,true
6625.T,1,standard,ＪＡＬＣＯホールディングス,8050,不動産業,-,false,false,true
6626.T,1,standard,ＳＥＭＩＴＥＣ,3650,電気機器,-,false,false,true
6627.T,1,standard,テラプローブ,3650,電気機器,-,false,false,true
6629.T,1,standard,テクノホライゾン,3650,電気機器,-,false,false,true
6633.T,1,standard,ＣＧＳホールディングス,3650,電気機器,-,false,false,true
6634.T,1,standard,ＪＮグループ,3650,電気機器,-,false,false,true
6635.T,1,standard,大日光・エンジニアリング,3650,電気機器,-,false,false,true
6637.T,1,standard,寺崎電気産業,3650,電気機器,-,false,false,true
6643.T,1,standard,戸上電機製作所,3650,電気機器,-,false,false,true
6647.T,1,standard,森尾電機,3650,電気機器,-,false,false,true
6648.T,1,standard,かわでん,3650,電気機器,-,false,false,true
6654.T,1,standard,不二電機工業,3650,電気機器,-,false,false,true
6656.T,1,standard,インスペック,3650,電気機器,-,false,false,true
6658.T,1,standard,シライ電子工業,3650,電気機器,-,false,false,true
6659.T,1,standard,メディアリンクス,3650,電気機器,-,false,false,true
6662.T,1,standard,ユビテック,3650,電気機器,-,false,false,true
6663.T,1,standard,太洋テクノレックス,3650,電気機器,-,false,false,true
6664.T,1,standard,オプトエレクトロニクス,3650,電気機器,-,false,false,true
6666.T,1,standard,リバーエレテック,3650,電気機器,-,false,false,true
6668.T,1,standard,アドテック　プラズマ　テクノロジー,3650,電気機器,-,false,false,true
6670.T,1,standard,ＭＣＪ,3650,電気機器,-,false,false,true
6675.T,1,standard,サクサ,3650,電気機器,-,false,false,true
6676.T,1,standard,ＢＵＦＦＡＬＯ,3650,電気機器,TOPIX Small 2,false,false,true
6677.T,1,standard,エスケーエレクトロニクス,3650,電気機器,-,false,false,true
6678.T,1,standard,テクノメディカ,3650,電気機器,TOPIX Small 2,false,false,true
6694.T,1,standard,ズーム,3650,電気機器,-,false,false,true
6699.T,1,standard,ダイヤモンドエレクトリックホールディングス,3650,電気機器,TOPIX Small 2,false,false,true
6721.T,1,standard,ウインテスト,3650,電気機器,-,false,false,true
6730.T,1,standard,アクセル,3650,電気機器,TOPIX Small 2,false,false,true
6731.T,1,standard,ピクセラ,3650,電気機器,-,false,false,true
6736.T,1,standard,サン電子,3650,電気機器,-,false,false,true
6743.T,1,standard,大同信号,3650,電気機器,-,false,false,true
6748.T,1,standard,星和電機,3650,電気機器,-,false,false,true
6757.T,1,standard,ＯＳＧコーポレーション,3650,電気機器,-,false,false,true
6769.T,1,standard,ザインエレクトロニクス,3650,電気機器,-,false,false,true
6771.T,1,standard,池上通信機,3650,電気機器,-,false,false,true
6772.T,1,standard,東京コスモス電機,3650,電気機器,-,false,false,true
6775.T,1,standard,ＴＢグループ,3650,電気機器,-,false,false,true
6776.T,1,standard,天昇電気工業,3200,化学,-,false,false,true
6777.T,1,standard,ｓａｎｔｅｃ　Ｈｏｌｄｉｎｇｓ,3650,電気機器,-,false,false,true
6778.T,1,standard,アルチザネットワークス,3650,電気機器,-,false,false,true
6786.T,1,standard,ＲＶＨ,9050,サービス業,-,false,false,true
6797.T,1,standard,名古屋電機工業,3650,電気機器,-,false,false,true
6803.T,1,standard,ティアック,3650,電気機器,-,false,false,true
6819.T,1,standard,伊豆シャボテンリゾート,9050,サービス業,-,false,false,true
6822.T,1,standard,大井電気,3650,電気機器,-,false,false,true
6824.T,1,standard,新コスモス電機,3650,電気機器,-,false,false,true
6832.T,1,standard,アオイ電子,3650,電気機器,-,false,false,true
6834.T,1,standard,精工技研,3650,電気機器,-,false,false,true
6835.T,1,standard,アライドテレシスホールディングス,3650,電気機器,-,false,false,true
6836.T,1,standard,ぷらっとホーム,3650,電気機器,-,false,false,true
6837.T,1,standard,京写,3650,電気機器,-,false,false,true
6838.T,1,standard,多摩川ホールディングス,3650,電気機器,-,false,false,true
6840.T,1,standard,ＡＫＩＢＡホールディングス,3650,電気機器,-,false,false,true
6848.T,1,standard,東亜ディーケーケー,3650,電気機器,-,false,false,true
6853.T,1,standard,共和電業,3650,電気機器,-,false,false,true
6855.T,1,standard,日本電子材料,3650,電気機器,TOPIX Small 2,false,false,true
6858.T,1,standard,小野測器,3650,電気機器,-,false,false,true
6862.T,1,standard,ミナトホールディングス,3650,電気機器,-,false,false,true
6863.T,1,standard,ニレコ,3650,電気機器,-,false,false,true
6864.T,1,standard,エヌエフホールディングス,3650,電気機器,-,false,false,true
6867.T,1,standard,リーダー電子,3650,電気機器,-,false,false,true
6870.T,1,standard,日本フェンオール,3650,電気機器,-,false,false,true
6874.T,1,standard,協立電機,3650,電気機器,-,false,false,true
6877.T,1,standard,ＯＢＡＲＡ　ＧＲＯＵＰ,3650,電気機器,TOPIX Small 2,false,false,true
6882.T,1,standard,三社電機製作所,3650,電気機器,-,false,false,true
6888.T,1,standard,アクモス,5250,情報・通信業,-,false,false,true
6890.T,1,standard,フェローテック,3650,電気機器,-,false,false,true
6894.T,1,standard,パルステック工業,3650,電気機器,-,false,false,true
6897.T,1,standard,ツインバード,3650,電気機器,-,false,false,true
6898.T,1,standard,トミタ電機,3650,電気機器,-,false,false,true
6899.T,1,standard,ＡＳＴＩ,3650,電気機器,-,false,false,true
6901.T,1,standard,澤藤電機,3650,電気機器,-,false,false,true
6904.T,1,standard,原田工業,3650,電気機器,-,false,false,true
6907.T,1,standard,ジオマテック,3650,電気機器,-,false,false,true
6912.T,1,standard,菊水ホールディングス,3650,電気機器,-,false,false,true
6915.T,1,standard,千代田インテグレ,3650,電気機器,TOPIX Small 2,false,false,true
6918.T,1,standard,アバールデータ,3650,電気機器,-,false,false,true
6919.T,1,standard,ケル,3650,電気機器,-,false,false,true
6926.T,1,standard,岡谷電機産業,3650,電気機器,-,false,false,true
6927.T,1,standard,ヘリオス　テクノ　ホールディング,3650,電気機器,-,false,false,true
6928.T,1,standard,エノモト,3650,電気機器,-,false,false,true
6932.T,1,standard,遠藤照明,3650,電気機器,-,false,false,true
6942.T,1,standard,ソフィアホールディングス,5250,情報・通信業,-,false,false,true
6943.T,1,standard,ＮＫＫスイッチズ,3650,電気機器,-,false,false,true
6946.T,1,standard,日本アビオニクス,3650,電気機器,-,false,false,true
6955.T,1,standard,ＦＤＫ,3650,電気機器,-,false,false,true
6960.T,1,standard,フクダ電子,3650,電気機器,-,false,false,true
6964.T,1,standard,サンコー,3650,電気機器,-,false,false,true
6969.T,1,standard,松尾電機,3650,電気機器,-,false,false,true
6977.T,1,standard,日本抵抗器製作所,3650,電気機器,-,false,false,true
6982.T,1,standard,リード,3700,輸送用機器,-,false,false,true
6989.T,1,standard,北陸電気工業,3650,電気機器,-,false,false,true
6993.T,1,standard,大黒屋ホールディングス,6100,小売業,-,false,false,true
6994.T,1,standard,指月電機製作所,3650,電気機器,-,false,false,true
6998.T,1,standard,日本タングステン,3650,電気機器,-,false,false,true
7014.T,1,standard,名村造船所,3700,輸送用機器,TOPIX Small 1,false,false,true
7018.T,1,standard,内海造船,3700,輸送用機器,-,false,false,true
7021.T,1,standard,ニッチツ,3600,機械,-,false,false,true
7022.T,1,standard,サノヤスホールディングス,3600,機械,-,false,false,true
7030.T,1,standard,スプリックス,9050,サービス業,-,false,false,true
7035.T,1,standard,ａｎｄ　ｆａｃｔｏｒｙ,9050,サービス業,-,false,false,true
7037.T,1,standard,テノ．ホールディングス,9050,サービス業,-,false,false,true
7040.T,1,standard,サン・ライフホールディング,9050,サービス業,-,false,false,true
7042.T,1,standard,アクセスグループ・ホールディングス,9050,サービス業,-,false,false,true
7044.T,1,standard,ピアラ,9050,サービス業,-,false,false,true
7057.T,1,standard,エヌ・シー・エヌ,9050,サービス業,-,false,false,true
7058.T,1,standard,共栄セキュリティーサービス,9050,サービス業,-,false,false,true
7060.T,1,standard,ギークス,9050,サービス業,-,false,false,true
7064.T,1,standard,ハウテレビジョン,9050,サービス業,-,false,false,true
7065.T,1,standard,ユーピーアール,9050,サービス業,-,false,false,true
7081.T,1,standard,コーユーレンティア,9050,サービス業,-,false,false,true
7087.T,1,standard,ウイルテック,9050,サービス業,-,false,false,true
7111.T,1,standard,ＩＮＥＳＴ,6050,卸売業,-,false,false,true
7115.T,1,standard,アルファパーチェス,6050,卸売業,-,false,false,true
7120.T,1,standard,ＳＨＩＮＫＯ,6050,卸売業,-,false,false,true
7122.T,1,standard,近畿車輛,3700,輸送用機器,-,false,false,true
7126.T,1,standard,グローバルスタイル,6100,小売業,-,false,false,true
7127.T,1,standard,一家ホールディングス,6100,小売業,-,false,false,true
7129.T,1,standard,ミアヘルサホールディングス,6100,小売業,-,false,false,true
7131.T,1,standard,のむら産業,6050,卸売業,-,false,false,true
7134.T,1,standard,アップガレージグループ,6100,小売業,-,false,false,true
7135.T,1,standard,ジャパンクラフトホールディングス,6100,小売業,-,false,false,true
7150.T,1,standard,島根銀行,7050,銀行業,-,false,false,true
7161.T,1,standard,じもとホールディングス,7050,銀行業,-,false,false,true
7162.T,1,standard,アストマックス,4050,電気・ガス業,-,false,false,true
7175.T,1,standard,今村証券,7100,証券、商品先物取引業,-,false,false,true
7177.T,1,standard,ＧＭＯフィナンシャルホールディングス,7100,証券、商品先物取引業,-,false,false,true
7183.T,1,standard,あんしん保証,7200,その他金融業,-,false,false,true
7185.T,1,standard,ヒロセ通商,7100,証券、商品先物取引業,-,false,false,true
7191.T,1,standard,イントラスト,7200,その他金融業,-,false,false,true
7192.T,1,standard,日本モーゲージサービス,7200,その他金融業,-,false,false,true
7196.T,1,standard,Ｃａｓａ,7200,その他金融業,-,false,false,true
7208.T,1,standard,カネミツ,3700,輸送用機器,-,false,false,true
7212.T,1,standard,エフテック,3700,輸送用機器,-,false,false,true
7213.T,1,standard,レシップホールディングス,3700,輸送用機器,-,false,false,true
7214.T,1,standard,ＧＭＢ,3700,輸送用機器,-,false,false,true
7215.T,1,standard,ファルテック,3700,輸送用機器,-,false,false,true
7217.T,1,standard,テイン,3700,輸送用機器,-,false,false,true
7218.T,1,standard,田中精密工業,3700,輸送用機器,-,false,false,true
7219.T,1,standard,エッチ・ケー・エス,3700,輸送用機器,-,false,false,true
7222.T,1,standard,日産車体,3700,輸送用機器,TOPIX Small 2,false,false,true
7228.T,1,standard,デイトナ,3700,輸送用機器,-,false,false,true
7229.T,1,standard,ユタカ技研,3700,輸送用機器,-,false,false,true
7235.T,1,standard,東京ラヂエーター製造,3700,輸送用機器,-,false,false,true
7247.T,1,standard,ミクニ,3700,輸送用機器,-,false,false,true
7254.T,1,standard,ユニバンス,3700,輸送用機器,-,false,false,true
7255.T,1,standard,桜井製作所,3700,輸送用機器,-,false,false,true
7256.T,1,standard,河西工業,3700,輸送用機器,-,false,false,true
7264.T,1,standard,ムロコーポレーション,3700,輸送用機器,-,false,false,true
7265.T,1,standard,エイケン工業,3700,輸送用機器,-,false,false,true
7266.T,1,standard,今仙電機製作所,3700,輸送用機器,-,false,false,true
7271.T,1,standard,安永,3700,輸送用機器,-,false,false,true
7273.T,1,standard,イクヨ,3700,輸送用機器,-,false,false,true
7277.T,1,standard,ＴＢＫ,3700,輸送用機器,-,false,false,true
7279.T,1,standard,ハイレックスコーポレーション,3700,輸送用機器,-,false,false,true
7284.T,1,standard,盟和産業,3700,輸送用機器,-,false,false,true
7287.T,1,standard,日本精機,3700,輸送用機器,-,false,false,true
7291.T,1,standard,日本プラスト,3700,輸送用機器,-,false,false,true
7292.T,1,standard,村上開明堂,3700,輸送用機器,-,false,false,true
7297.T,1,standard,カーメイト,3700,輸送用機器,-,false,false,true
7299.T,1,standard,フジオーゼックス,3700,輸送用機器,-,false,false,true
7305.T,1,standard,新家工業,3450,鉄鋼,-,false,false,true
7314.T,1,standard,小田原機器,3700,輸送用機器,-,false,false,true
7354.T,1,standard,ダイレクトマーケティングミックス,9050,サービス業,TOPIX Small 2,false,false,true
7357.T,1,standard,ジオコード,9050,サービス業,-,false,false,true
7358.T,1,standard,ポピンズ,9050,サービス業,TOPIX Small 2,false,false,true
7367.T,1,standard,セルム,9050,サービス業,-,false,false,true
7368.T,1,standard,表示灯,9050,サービス業,-,false,false,true
7377.T,1,standard,ＤＮホールディングス,9050,サービス業,-,false,false,true
7399.T,1,standard,ナンシン,3700,輸送用機器,-,false,false,true
7412.T,1,standard,アトム,6100,小売業,-,false,false,true
7413.T,1,standard,創健社,6050,卸売業,-,false,false,true
7416.T,1,standard,はるやまホールディングス,6100,小売業,-,false,false,true
7417.T,1,standard,南陽,6050,卸売業,-,false,false,true
7422.T,1,standard,東邦レマック,6050,卸売業,-,false,false,true
7425.T,1,standard,初穂商事,6050,卸売業,-,false,false,true
7426.T,1,standard,山大,6050,卸売業,-,false,false,true
7427.T,1,standard,エコートレーディング,6050,卸売業,-,false,false,true
7434.T,1,standard,オータケ,6050,卸売業,-,false,false,true
7435.T,1,standard,ナ・デックス,6050,卸売業,-,false,false,true
7442.T,1,standard,中山福,6050,卸売業,-,false,false,true
7443.T,1,standard,横浜魚類,6050,卸売業,-,false,false,true
7444.T,1,standard,ハリマ共和物産,6050,卸売業,-,false,false,true
7446.T,1,standard,東北化学薬品,6050,卸売業,-,false,false,true
7460.T,1,standard,ヤギ,6050,卸売業,-,false,false,true
7461.T,1,standard,キムラ,6050,卸売業,-,false,false,true
7462.T,1,standard,ＣＡＰＩＴＡ,6100,小売業,-,false,false,true
7463.T,1,standard,アドヴァングループ,6100,小売業,TOPIX Small 2,false,false,true
7464.T,1,standard,セフテック,6050,卸売業,-,false,false,true
7472.T,1,standard,鳥羽洋行,6050,卸売業,-,false,false,true
7477.T,1,standard,ムラキ,6050,卸売業,-,false,false,true
7480.T,1,standard,スズデン,6050,卸売業,TOPIX Small 2,false,false,true
7481.T,1,standard,尾家産業,6050,卸売業,-,false,false,true
7486.T,1,standard,サンリン,6050,卸売業,-,false,false,true
7487.T,1,standard,小津産業,6050,卸売業,-,false,false,true
7490.T,1,standard,日新商事,6050,卸売業,-,false,false,true
7494.T,1,standard,コナカ,6100,小売業,-,false,false,true
7500.T,1,standard,西川計測,6050,卸売業,-,false,false,true
7501.T,1,standard,ティムコ,6050,卸売業,-,false,false,true
7502.T,1,standard,プラザホールディングス,9050,サービス業,-,false,false,true
7505.T,1,standard,扶桑電通,6050,卸売業,-,false,false,true
7506.T,1,standard,ハウス　オブ　ローゼ,6100,小売業,-,false,false,true
7509.T,1,standard,アイエーグループ,6100,小売業,-,false,false,true
7512.T,1,standard,イオン北海道,6100,小売業,TOPIX Small 1,false,false,true
7514.T,1,standard,ヒマラヤ,6100,小売業,-,false,false,true
7515.T,1,standard,マルヨシセンター,6100,小売業,-,false,false,true
7521.T,1,standard,ムサシ,6050,卸売業,-,false,false,true
7523.T,1,standard,アールビバン,6100,小売業,-,false,false,true
7524.T,1,standard,マルシェ,6100,小売業,-,false,false,true
7527.T,1,standard,システムソフト,5250,情報・通信業,TOPIX Small 2,false,false,true
7531.T,1,standard,清和中央ホールディングス,6050,卸売業,-,false,false,true
7538.T,1,standard,大水,6050,卸売業,-,false,false,true
7539.T,1,standard,アイナボホールディングス,6050,卸売業,-,false,false,true
7544.T,1,standard,スリーエフ,6100,小売業,-,false,false,true
7551.T,1,standard,ウェッズ,3700,輸送用機器,-,false,false,true
7555.T,1,standard,大田花き,6050,卸売業,-,false,false,true
7561.T,1,standard,ハークスレイ,6100,小売業,-,false,false,true
7562.T,1,standard,安楽亭,6100,小売業,-,false,false,true
7564.T,1,standard,ワークマン,6100,小売業,-,false,false,true
7565.T,1,standard,萬世電機,6050,卸売業,-,false,false,true
7567.T,1,standard,栄電子,6050,卸売業,-,false,false,true
7570.T,1,standard,橋本総業ホールディングス,6050,卸売業,TOPIX Small 2,false,false,true
7571.T,1,standard,ヤマノホールディングス,6100,小売業,-,false,false,true
7578.T,1,standard,ニチリョク,6100,小売業,-,false,false,true
7585.T,1,standard,かんなん丸,6100,小売業,-,false,false,true
7590.T,1,standard,タカショー,6050,卸売業,TOPIX Small 2,false,false,true
7601.T,1,standard,ポプラ,6100,小売業,-,false,false,true
7602.T,1,standard,レダックス,6050,卸売業,-,false,false,true
7603.T,1,standard,ジーイエット,6100,小売業,-,false,false,true
7604.T,1,standard,梅の花グループ,6100,小売業,-,false,false,true
7608.T,1,standard,エスケイジャパン,6050,卸売業,-,false,false,true
7610.T,1,standard,テイツー,6100,小売業,-,false,false,true
7614.T,1,standard,オーエムツーネットワーク,6100,小売業,-,false,false,true
7615.T,1,standard,京都きもの友禅ホールディングス,6100,小売業,-,false,false,true
7619.T,1,standard,田中商事,6050,卸売業,-,false,false,true
7621.T,1,standard,うかい,6100,小売業,-,false,false,true
7624.T,1,standard,ＮａＩＴＯ,6050,卸売業,-,false,false,true
7625.T,1,standard,グローバルダイニング,6100,小売業,-,false,false,true
7634.T,1,standard,星医療酸器,6050,卸売業,-,false,false,true
7636.T,1,standard,ハンズマン,6100,小売業,-,false,false,true
7638.T,1,standard,ＮＥＷ　ＡＲＴ　ＨＯＬＤＩＮＧＳ,6100,小売業,-,false,false,true
7640.T,1,standard,トップカルチャー,6100,小売業,-,false,false,true
7643.T,1,standard,ダイイチ,6100,小売業,-,false,false,true
7646.T,1,standard,ＰＬＡＮＴ,6100,小売業,-,false,false,true
7670.T,1,standard,オーウエル,6050,卸売業,-,false,false,true
7673.T,1,standard,ダイコー通産,6050,卸売業,-,false,false,true
7677.T,1,standard,ヤシマキザイ,6050,卸売業,-,false,false,true
7678.T,1,standard,あさくま,6100,小売業,-,false,false,true
7681.T,1,standard,レオクラン,6050,卸売業,-,false,false,true
7682.T,1,standard,浜木綿,6100,小売業,-,false,false,true
7686.T,1,standard,ひとまいる,6100,小売業,-,false,false,true
7692.T,1,standard,アースインフィニティ,4050,電気・ガス業,-,false,false,true
7698.T,1,standard,アイスコ,6050,卸売業,-,false,false,true
7702.T,1,standard,ＪＭＳ,3750,精密機器,TOPIX Small 2,false,false,true
7709.T,1,standard,クボテック,3750,精密機器,-,false,false,true
7711.T,1,standard,助川電気工業,3750,精密機器,-,false,false,true
7713.T,1,standard,シグマ光機,3750,精密機器,-,false,false,true
7716.T,1,standard,ナカニシ,3750,精密機器,-,false,false,true
7719.T,1,standard,東京衡機,3750,精密機器,-,false,false,true
7722.T,1,standard,国際計測器,3750,精密機器,-,false,false,true
7726.T,1,standard,黒田精工,3600,機械,-,false,false,true
7727.T,1,standard,オーバル,3750,精密機器,-,false,false,true
7743.T,1,standard,シード,3750,精密機器,-,false,false,true
7746.T,1,standard,岡本硝子,3750,精密機器,-,false,false,true
7749.T,1,standard,メディキット,3750,精密機器,-,false,false,true
7760.T,1,standard,ＩＭＶ,3750,精密機器,-,false,false,true
7771.T,1,standard,日本精密,3750,精密機器,-,false,false,true
7775.T,1,standard,大研医器,3750,精密機器,-,false,false,true
7781.T,1,standard,平山ホールディングス,3750,精密機器,-,false,false,true
7782.T,1,standard,シンシア,3750,精密機器,-,false,false,true
7791.T,1,standard,ドリームベッド,3800,その他製品,-,false,false,true
7795.T,1,standard,ＫＹＯＲＩＴＳＵ,3800,その他製品,-,false,false,true
7800.T,1,standard,アミファ,3800,その他製品,-,false,false,true
7804.T,1,standard,ビーアンドピー,3800,その他製品,-,false,false,true
7805.T,1,standard,プリントネット,3800,その他製品,-,false,false,true
7807.T,1,standard,幸和製作所,3800,その他製品,-,false,false,true
7808.T,1,standard,シー・エス・ランバー,3800,その他製品,-,false,false,true
7809.T,1,standard,壽屋,3800,その他製品,-,false,false,true
7810.T,1,standard,クロスフォー,3800,その他製品,-,false,false,true
7811.T,1,standard,中本パックス,3800,その他製品,-,false,false,true
7812.T,1,standard,クレステック,3800,その他製品,-,false,false,true
7813.T,1,standard,プラッツ,3800,その他製品,-,false,false,true
7814.T,1,standard,日本創発グループ,3800,その他製品,-,false,false,true
7815.T,1,standard,東京ボード工業,3800,その他製品,-,false,false,true
7819.T,1,standard,粧美堂,3800,その他製品,-,false,false,true
7822.T,1,standard,永大産業,3800,その他製品,-,false,false,true
7823.T,1,standard,アートネイチャー,3800,その他製品,TOPIX Small 2,false,false,true
7827.T,1,standard,オービス,3800,その他製品,-,false,false,true
7831.T,1,standard,ウイルコホールディングス,3800,その他製品,-,false,false,true
7833.T,1,standard,アイフィスジャパン,3800,その他製品,-,false,false,true
7836.T,1,standard,アビックス,3800,その他製品,-,false,false,true
7837.T,1,standard,アールシーコア,3800,その他製品,-,false,false,true
7841.T,1,standard,遠藤製作所,3800,その他製品,-,false,false,true
7847.T,1,standard,グラファイトデザイン,3800,その他製品,-,false,false,true
7849.T,1,standard,スターツ出版,5250,情報・通信業,-,false,false,true
7850.T,1,standard,総合商研,3800,その他製品,-,false,false,true
7851.T,1,standard,カワセコンピュータサプライ,3800,その他製品,-,false,false,true
7857.T,1,standard,セキ,3800,その他製品,-,false,false,true
7859.T,1,standard,アルメディオ,3800,その他製品,-,false,false,true
7863.T,1,standard,平賀,3800,その他製品,-,false,false,true
7865.T,1,standard,ピープル,3800,その他製品,-,false,false,true
7871.T,1,standard,フクビ化学工業,3200,化学,-,false,false,true
7872.T,1,standard,エステールホールディングス,3800,その他製品,-,false,false,true
7875.T,1,standard,竹田ｉＰホールディングス,3800,その他製品,-,false,false,true
7877.T,1,standard,永大化工,3200,化学,-,false,false,true
7878.T,1,standard,光・彩,3800,その他製品,-,false,false,true
7879.T,1,standard,ノダ,3800,その他製品,-,false,false,true
7883.T,1,standard,サンメッセ,3800,その他製品,-,false,false,true
7885.T,1,standard,タカノ,3800,その他製品,-,false,false,true
7886.T,1,standard,ヤマト　モビリティ　＆　Ｍｆｇ．,3200,化学,-,false,false,true
7887.T,1,standard,南海プライウッド,3800,その他製品,-,false,false,true
7896.T,1,standard,セブン工業,3800,その他製品,-,false,false,true
7897.T,1,standard,ホクシン,3800,その他製品,-,false,false,true
7898.T,1,standard,ウッドワン,3800,その他製品,-,false,false,true
7901.T,1,standard,マツモト,3800,その他製品,-,false,false,true
7902.T,1,standard,ソノコム,3800,その他製品,-,false,false,true
7906.T,1,standard,ヨネックス,3800,その他製品,-,false,false,true
7908.T,1,standard,きもと,3200,化学,-,false,false,true
7916.T,1,standard,光村印刷,3800,その他製品,-,false,false,true
7918.T,1,standard,ヴィア・ホールディングス,6100,小売業,-,false,false,true
7919.T,1,standard,野崎印刷紙業,3800,その他製品,-,false,false,true
7922.T,1,standard,三光産業,3800,その他製品,-,false,false,true
7927.T,1,standard,ムトー精工,3200,化学,-,false,false,true
7928.T,1,standard,旭化学工業,3200,化学,-,false,false,true
7932.T,1,standard,ニッピ,3800,その他製品,-,false,false,true
7937.T,1,standard,ツツミ,3800,その他製品,TOPIX Small 2,false,false,true
7938.T,1,standard,リーガルコーポレーション,3800,その他製品,-,false,false,true
7939.T,1,standard,研創,3800,その他製品,-,false,false,true
7940.T,1,standard,ウェーブロックホールディングス,3200,化学,-,false,false,true
7946.T,1,standard,光陽社,3800,その他製品,-,false,false,true
7953.T,1,standard,菊水化学工業,3800,その他製品,-,false,false,true
7957.T,1,standard,フジコピアン,3800,その他製品,-,false,false,true
7963.T,1,standard,興研,3800,その他製品,-,false,false,true
7971.T,1,standard,東リ,3200,化学,-,false,false,true
7975.T,1,standard,リヒトラブ,3800,その他製品,-,false,false,true
7980.T,1,standard,重松製作所,3800,その他製品,-,false,false,true
7983.T,1,standard,ミロク,3800,その他製品,-,false,false,true
7985.T,1,standard,ネポン,3550,金属製品,-,false,false,true
7986.T,1,standard,日本アイ・エス・ケイ,3800,その他製品,-,false,false,true
7987.T,1,standard,ナカバヤシ,3800,その他製品,TOPIX Small 2,false,false,true
7991.T,1,standard,マミヤ・オーピー,3600,機械,-,false,false,true
7992.T,1,standard,セーラー万年筆,3800,その他製品,-,false,false,true
7997.T,1,standard,くろがね工作所,3800,その他製品,-,false,false,true
7999.T,1,standard,ＭＵＴＯＨホールディングス,3650,電気機器,-,false,false,true
8006.T,1,standard,ユアサ・フナショク,6050,卸売業,-,false,false,true
8013.T,1,standard,ナイガイ,3100,繊維製品,-,false,false,true
8018.T,1,standard,三共生興,6050,卸売業,TOPIX Small 2,false,false,true
8023.T,1,standard,ＤＡＩＫＯ　ＸＴＥＣＨ,5250,情報・通信業,-,false,false,true
8025.T,1,standard,ツカモトコーポレーション,6050,卸売業,-,false,false,true
8029.T,1,standard,ルックホールディングス,3100,繊維製品,TOPIX Small 2,false,false,true
8030.T,1,standard,中央魚類,6050,卸売業,-,false,false,true
8039.T,1,standard,築地魚市場,6050,卸売業,-,false,false,true
8040.T,1,standard,東京ソワール,3100,繊維製品,-,false,false,true
8041.T,1,standard,ＯＵＧホールディングス,6050,卸売業,-,false,false,true
8045.T,1,standard,横浜丸魚,6050,卸売業,-,false,false,true
8046.T,1,standard,丸藤シートパイル,6050,卸売業,-,false,false,true
8066.T,1,standard,三谷商事,6050,卸売業,-,false,false,true
8076.T,1,standard,カノークス,6050,卸売業,-,false,false,true
8077.T,1,standard,トルク,6050,卸売業,-,false,false,true
8085.T,1,standard,ナラサキ産業,6050,卸売業,-,false,false,true
8089.T,1,standard,ナイス,6050,卸売業,-,false,false,true
8104.T,1,standard,クワザワホールディングス,6050,卸売業,-,false,false,true
8105.T,1,standard,Ｂｉｔｃｏｉｎ　Ｊａｐａｎ,6050,卸売業,-,false,false,true
8107.T,1,standard,キムラタン,3100,繊維製品,-,false,false,true
8115.T,1,standard,ムーンバット,6050,卸売業,-,false,false,true
8117.T,1,standard,中央自動車工業,6050,卸売業,-,false,false,true
8118.T,1,standard,キング,3100,繊維製品,-,false,false,true
8119.T,1,standard,三栄コーポレーション,6050,卸売業,-,false,false,true
8123.T,1,standard,川辺,6050,卸売業,-,false,false,true
8127.T,1,standard,ヤマトインターナショナル,3100,繊維製品,-,false,false,true
8131.T,1,standard,ミツウロコグループホールディングス,6050,卸売業,TOPIX Small 2,false,false,true
8135.T,1,standard,ゼット,6050,卸売業,-,false,false,true
8138.T,1,standard,三京化成,6050,卸売業,-,false,false,true
8139.T,1,standard,ナガホリ,6050,卸売業,-,false,false,true
8143.T,1,standard,ラピーヌ,3100,繊維製品,-,false,false,true
8144.T,1,standard,デンキョーグループホールディングス,6050,卸売業,-,false,false,true
8147.T,1,standard,トミタ,6050,卸売業,-,false,false,true
8152.T,1,standard,ソマール,6050,卸売業,-,false,false,true
8165.T,1,standard,千趣会,6100,小売業,TOPIX Small 2,false,false,true
8166.T,1,standard,タカキュー,6100,小売業,-,false,false,true
8181.T,1,standard,東天紅,6100,小売業,-,false,false,true
8198.T,1,standard,マックスバリュ東海,6100,小売業,-,false,false,true
8202.T,1,standard,ラオックスホールディングス,6100,小売業,-,false,false,true
8207.T,1,standard,テンアライド,6100,小売業,-,false,false,true
8225.T,1,standard,タカチホ,6050,卸売業,-,false,false,true
8226.T,1,standard,理経,6050,卸売業,-,false,false,true
8230.T,1,standard,はせがわ,6100,小売業,-,false,false,true
8244.T,1,standard,近鉄百貨店,6100,小売業,TOPIX Small 2,false,false,true
8247.T,1,standard,大和,6100,小売業,-,false,false,true
8254.T,1,standard,さいか屋,6100,小売業,-,false,false,true
8260.T,1,standard,井筒屋,6100,小売業,-,false,false,true
8275.T,1,standard,フォーバル,6050,卸売業,TOPIX Small 2,false,false,true
8285.T,1,standard,三谷産業,6050,卸売業,TOPIX Small 2,false,false,true
8289.T,1,standard,Ｏｌｙｍｐｉｃグループ,6100,小売業,-,false,false,true
8291.T,1,standard,日産東京販売ホールディングス,6100,小売業,-,false,false,true
8349.T,1,standard,東北銀行,7050,銀行業,-,false,false,true
8365.T,1,standard,富山銀行,7050,銀行業,-,false,false,true
8383.T,1,standard,鳥取銀行,7050,銀行業,-,false,false,true
8416.T,1,standard,高知銀行,7050,銀行業,-,false,false,true
8508.T,1,standard,Ｊトラスト,7200,その他金融業,-,false,false,true
8518.T,1,standard,日本アジア投資,7100,証券、商品先物取引業,-,false,false,true
8537.T,1,standard,大光銀行,7050,銀行業,-,false,false,true
8542.T,1,standard,トマト銀行,7050,銀行業,-,false,false,true
8562.T,1,standard,福島銀行,7050,銀行業,-,false,false,true
8563.T,1,standard,大東銀行,7050,銀行業,-,false,false,true
8572.T,1,standard,アコム,7200,その他金融業,TOPIX Mid400,false,false,true
8596.T,1,standard,九州リースサービス,7200,その他金融業,-,false,false,true
8617.T,1,standard,光世証券,7100,証券、商品先物取引業,-,false,false,true
8699.T,1,standard,ＨＳホールディングス,7100,証券、商品先物取引業,-,false,false,true
8700.T,1,standard,丸八証券,7100,証券、商品先物取引業,-,false,false,true
8704.T,1,standard,トレイダーズホールディングス,7100,証券、商品先物取引業,-,false,false,true
8705.T,1,standard,日産証券グループ,7100,証券、商品先物取引業,-,false,false,true
8737.T,1,standard,あかつき本社,7100,証券、商品先物取引業,-,false,false,true
8742.T,1,standard,小林洋行,7100,証券、商品先物取引業,-,false,false,true
8746.T,1,standard,ｕｎｂａｎｋｅｄ,7100,証券、商品先物取引業,-,false,false,true
8747.T,1,standard,豊トラスティ証券,7100,証券、商品先物取引業,-,false,false,true
8769.T,1,standard,アドバンテッジリスクマネジメント,9050,サービス業,-,false,false,true
8772.T,1,standard,アサックス,7200,その他金融業,-,false,false,true
8783.T,1,standard,ａｂｃ,7200,その他金融業,-,false,false,true
8789.T,1,standard,フィンテック　グローバル,7200,その他金融業,-,false,false,true
8835.T,1,standard,太平洋興発,6050,卸売業,-,false,false,true
8836.T,1,standard,ＲＩＳＥ,8050,不動産業,-,false,false,true
8841.T,1,standard,テーオーシー,8050,不動産業,TOPIX Small 2,false,false,true
8844.T,1,standard,コスモスイニシア,8050,不動産業,-,false,false,true
8864.T,1,standard,空港施設,8050,不動産業,TOPIX Small 2,false,false,true
8869.T,1,standard,明和地所,8050,不動産業,TOPIX Small 2,false,false,true
8871.T,1,standard,ゴールドクレスト,8050,不動産業,TOPIX Small 1,false,false,true
8887.T,1,standard,シーラホールディングス,8050,不動産業,-,false,false,true
8891.T,1,standard,ＡＭＧホールディングス,8050,不動産業,-,false,false,true
8894.T,1,standard,ＲＥＶＯＬＵＴＩＯＮ,8050,不動産業,-,false,false,true
8898.T,1,standard,センチュリー２１・ジャパン,8050,不動産業,-,false,false,true
8904.T,1,standard,ＡＶＡＮＴＩＡ,8050,不動産業,-,false,false,true
8908.T,1,standard,毎日コムネット,8050,不動産業,-,false,false,true
8912.T,1,standard,エリアクエスト,8050,不動産業,-,false,false,true
8914.T,1,standard,エリアリンク,8050,不動産業,-,false,false,true
8917.T,1,standard,ファースト住建,8050,不動産業,-,false,false,true
8918.T,1,standard,ランド,8050,不動産業,TOPIX Small 2,false,false,true
8920.T,1,standard,東祥,9050,サービス業,TOPIX Small 2,false,false,true
8927.T,1,standard,明豊エンタープライズ,8050,不動産業,-,false,false,true
8928.T,1,standard,穴吹興産,8050,不動産業,-,false,false,true
8929.T,1,standard,青山財産ネットワークス,8050,不動産業,-,false,false,true
8931.T,1,standard,和田興産,8050,不動産業,-,false,false,true
8944.T,1,standard,ランドビジネス,8050,不動産業,-,false,false,true
8945.T,1,standard,サンネクスタグループ,8050,不動産業,-,false,false,true
8946.T,1,standard,ＡＳＩＡＮ　ＳＴＡＲ,8050,不動産業,-,false,false,true
8995.T,1,standard,誠建設工業,8050,不動産業,-,false,false,true
8996.T,1,standard,ハウスフリーダム,8050,不動産業,-,false,false,true
9012.T,1,standard,秩父鉄道,5050,陸運業,-,false,false,true
9017.T,1,standard,新潟交通,5050,陸運業,-,false,false,true
9028.T,1,standard,ゼロ,5050,陸運業,-,false,false,true
9029.T,1,standard,ヒガシホールディングス,5050,陸運業,-,false,false,true
9033.T,1,standard,広島電鉄,5050,陸運業,-,false,false,true
9034.T,1,standard,南総通運,5050,陸運業,-,false,false,true
9036.T,1,standard,東部ネットワーク,5050,陸運業,-,false,false,true
9049.T,1,standard,京福電気鉄道,5050,陸運業,-,false,false,true
9051.T,1,standard,センコン物流,5050,陸運業,-,false,false,true
9057.T,1,standard,遠州トラック,5050,陸運業,-,false,false,true
9059.T,1,standard,カンダホールディングス,5050,陸運業,-,false,false,true
9060.T,1,standard,日本ロジテム,5050,陸運業,-,false,false,true
9063.T,1,standard,岡山県貨物運送,5050,陸運業,-,false,false,true
9067.T,1,standard,丸運,5050,陸運業,-,false,false,true
9073.T,1,standard,京極運輸商事,5050,陸運業,-,false,false,true
9074.T,1,standard,日本石油輸送,5050,陸運業,-,false,false,true
9082.T,1,standard,大和自動車交通,5050,陸運業,-,false,false,true
9083.T,1,standard,神姫バス,5050,陸運業,-,false,false,true
9087.T,1,standard,タカセ,5050,陸運業,-,false,false,true
9115.T,1,standard,明海グループ,5100,海運業,-,false,false,true
9127.T,1,standard,玉井商船,5100,海運業,-,false,false,true
9130.T,1,standard,共栄タンカー,5100,海運業,-,false,false,true
9145.T,1,standard,ビーイングホールディングス,5050,陸運業,-,false,false,true
9160.T,1,standard,オンザページ,9050,サービス業,-,false,false,true
9171.T,1,standard,栗林商船,5100,海運業,-,false,false,true
9173.T,1,standard,東海汽船,5100,海運業,-,false,false,true
9193.T,1,standard,東京汽船,5200,倉庫・運輸関連業,-,false,false,true
9206.T,1,standard,スターフライヤー,5150,空運業,-,false,false,true
9213.T,1,standard,セイファート,9050,サービス業,-,false,false,true
9220.T,1,standard,エフビー介護サービス,9050,サービス業,-,false,false,true
9221.T,1,standard,フルハシＥＰＯ,9050,サービス業,-,false,false,true
9233.T,1,standard,アジア航測,5150,空運業,-,false,false,true
9248.T,1,standard,人・夢・技術グループ,9050,サービス業,TOPIX Small 2,false,false,true
9249.T,1,standard,日本エコシステム,9050,サービス業,-,false,false,true
9262.T,1,standard,シルバーライフ,6100,小売業,TOPIX Small 2,false,false,true
9264.T,1,standard,ポエック,6050,卸売業,-,false,false,true
9265.T,1,standard,ヤマシタヘルスケアホールディングス,6050,卸売業,-,false,false,true
9268.T,1,standard,オプティマスグループ,6050,卸売業,-,false,false,true
9306.T,1,standard,東陽倉庫,5200,倉庫・運輸関連業,-,false,false,true
9307.T,1,standard,杉村倉庫,5200,倉庫・運輸関連業,-,false,false,true
9308.T,1,standard,乾汽船,5100,海運業,TOPIX Small 2,false,false,true
9311.T,1,standard,アサガミ,5200,倉庫・運輸関連業,-,false,false,true
9312.T,1,standard,ケイヒン,5200,倉庫・運輸関連業,-,false,false,true
9313.T,1,standard,丸八倉庫,5200,倉庫・運輸関連業,-,false,false,true
9322.T,1,standard,川西倉庫,5200,倉庫・運輸関連業,-,false,false,true
9325.T,1,standard,ファイズホールディングス,5200,倉庫・運輸関連業,-,false,false,true
9327.T,1,standard,イー・ロジット,5200,倉庫・運輸関連業,-,false,false,true
9339.T,1,standard,コーチ・エィ,9050,サービス業,-,false,false,true
9340.T,1,standard,アソインターナショナル,9050,サービス業,-,false,false,true
9351.T,1,standard,東洋埠頭,5200,倉庫・運輸関連業,-,false,false,true
9353.T,1,standard,櫻島埠頭,5200,倉庫・運輸関連業,-,false,false,true
9355.T,1,standard,リンコーコーポレーション,5200,倉庫・運輸関連業,-,false,false,true
9360.T,1,standard,鈴与シンワート,5250,情報・通信業,-,false,false,true
9361.T,1,standard,伏木海陸運送,5200,倉庫・運輸関連業,-,false,false,true
9362.T,1,standard,兵機海運,5200,倉庫・運輸関連業,-,false,false,true
9363.T,1,standard,大運,5200,倉庫・運輸関連業,-,false,false,true
9365.T,1,standard,トレーディア,5200,倉庫・運輸関連業,-,false,false,true
9366.T,1,standard,サンリツ,5200,倉庫・運輸関連業,-,false,false,true
9367.T,1,standard,大東港運,5200,倉庫・運輸関連業,-,false,false,true
9368.T,1,standard,キムラユニティー,5200,倉庫・運輸関連業,-,false,false,true
9369.T,1,standard,キユーソー流通システム,5200,倉庫・運輸関連業,TOPIX Small 2,false,false,true
9376.T,1,standard,ユーラシア旅行社,9050,サービス業,-,false,false,true
9380.T,1,standard,東海運,5200,倉庫・運輸関連業,-,false,false,true
9385.T,1,standard,ショーエイコーポレーション,3200,化学,-,false,false,true
9408.T,1,standard,ＢＳＮメディアホールディングス,5250,情報・通信業,-,false,false,true
9414.T,1,standard,日本ＢＳ放送,5250,情報・通信業,-,false,false,true
9417.T,1,standard,スマートバリュー,5250,情報・通信業,-,false,false,true
9419.T,1,standard,ワイヤレスゲート,5250,情報・通信業,-,false,false,true
9421.T,1,standard,エヌジェイホールディングス,5250,情報・通信業,-,false,false,true
9423.T,1,standard,フォーバル・リアルストレート,5250,情報・通信業,-,false,false,true
9425.T,1,standard,ＲｅＹｕｕ　Ｊａｐａｎ,5250,情報・通信業,-,false,false,true
9428.T,1,standard,クロップス,5250,情報・通信業,-,false,false,true
9436.T,1,standard,沖縄セルラー電話,5250,情報・通信業,-,false,false,true
9439.T,1,standard,エム・エイチ・グループ,9050,サービス業,-,false,false,true
9441.T,1,standard,ベルパーク,5250,情報・通信業,-,false,false,true
9444.T,1,standard,トーシンホールディングス,5250,情報・通信業,-,false,false,true
9445.T,1,standard,フォーバルテレコム,5250,情報・通信業,-,false,false,true
9446.T,1,standard,サカイホールディングス,5250,情報・通信業,-,false,false,true
9450.T,1,standard,ファイバーゲート,5250,情報・通信業,TOPIX Small 2,false,false,true
9466.T,1,standard,アイドママーケティングコミュニケーション,5250,情報・通信業,-,false,false,true
9475.T,1,standard,昭文社ホールディングス,5250,情報・通信業,-,false,false,true
9476.T,1,standard,中央経済社ホールディングス,5250,情報・通信業,-,false,false,true
9478.T,1,standard,ＳＥホールディングス・アンド・インキュベーションズ,5250,情報・通信業,-,false,false,true
9514.T,1,standard,エフオン,4050,電気・ガス業,TOPIX Small 2,false,false,true
9537.T,1,standard,北陸瓦斯,4050,電気・ガス業,-,false,false,true
9539.T,1,standard,京葉瓦斯,4050,電気・ガス業,-,false,false,true
9564.T,1,standard,ＦＣＥ,9050,サービス業,-,false,false,true
9610.T,1,standard,ウィルソン・ラーニング　ワールドワイド,9050,サービス業,-,false,false,true
9625.T,1,standard,セレスポ,9050,サービス業,-,false,false,true
9632.T,1,standard,スバル興業,9050,サービス業,TOPIX Small 2,false,false,true
9633.T,1,standard,東京テアトル,8050,不動産業,-,false,false,true
9635.T,1,standard,武蔵野興業,9050,サービス業,-,false,false,true
9636.T,1,standard,きんえい,9050,サービス業,-,false,false,true
9639.T,1,standard,三協フロンテア,9050,サービス業,-,false,false,true
9640.T,1,standard,セゾンテクノロジー,5250,情報・通信業,-,false,false,true
9647.T,1,standard,協和コンサルタンツ,9050,サービス業,-,false,false,true
9651.T,1,standard,日本プロセス,5250,情報・通信業,-,false,false,true
9656.T,1,standard,グリーンランドリゾート,9050,サービス業,-,false,false,true
9661.T,1,standard,歌舞伎座,9050,サービス業,-,false,false,true
9679.T,1,standard,ホウライ,9050,サービス業,-,false,false,true
9685.T,1,standard,ＫＹＣＯＭホールディングス,5250,情報・通信業,-,false,false,true
9686.T,1,standard,東洋テック,9050,サービス業,-,false,false,true
9687.T,1,standard,ＫＳＫ,5250,情報・通信業,-,false,false,true
9691.T,1,standard,両毛システムズ,5250,情報・通信業,-,false,false,true
9698.T,1,standard,クレオ,5250,情報・通信業,-,false,false,true
9701.T,1,standard,東京會舘,9050,サービス業,-,false,false,true
9704.T,1,standard,アゴーラ　ホスピタリティー　グループ,9050,サービス業,-,false,false,true
9708.T,1,standard,帝国ホテル,9050,サービス業,-,false,false,true
9709.T,1,standard,ＮＣＳ＆Ａ,5250,情報・通信業,-,false,false,true
9713.T,1,standard,ロイヤルホテル,9050,サービス業,-,false,false,true
9720.T,1,standard,ホテル、ニューグランド,9050,サービス業,-,false,false,true
9723.T,1,standard,京都ホテル,9050,サービス業,-,false,false,true
9726.T,1,standard,ＫＮＴ－ＣＴホールディングス,9050,サービス業,TOPIX Small 2,false,false,true
9731.T,1,standard,白洋舎,9050,サービス業,-,false,false,true
9733.T,1,standard,ナガセ,9050,サービス業,-,false,false,true
9753.T,1,standard,アイエックス・ナレッジ,5250,情報・通信業,-,false,false,true
9760.T,1,standard,進学会ホールディングス,9050,サービス業,-,false,false,true
9761.T,1,standard,東海リース,9050,サービス業,-,false,false,true
9763.T,1,standard,丸建リース,6050,卸売業,-,false,false,true
9767.T,1,standard,日建工学,9050,サービス業,-,false,false,true
9768.T,1,standard,いであ,9050,サービス業,-,false,false,true
9778.T,1,standard,昴,9050,サービス業,-,false,false,true
9780.T,1,standard,ハリマビステム,9050,サービス業,-,false,false,true
9782.T,1,standard,ディーエムエス,9050,サービス業,-,false,false,true
9791.T,1,standard,ビケンテクノ,9050,サービス業,-,false,false,true
9799.T,1,standard,旭情報サービス,5250,情報・通信業,-,false,false,true
9812.T,1,standard,テーオーホールディングス,6100,小売業,-,false,false,true
9816.T,1,standard,ストライダーズ,8050,不動産業,-,false,false,true
9818.T,1,standard,大丸エナウィン,6050,卸売業,-,false,false,true
9820.T,1,standard,エムティジェネックス,8050,不動産業,-,false,false,true
9823.T,1,standard,マミーマートホールディングス,6100,小売業,-,false,false,true
9827.T,1,standard,リリカラ,6050,卸売業,-,false,false,true
9828.T,1,standard,Ｇｅｎｋｉ　Ｇｌｏｂａｌ　Ｄｉｎｉｎｇ　Ｃｏｎｃｅｐｔｓ,6100,小売業,TOPIX Small 1,false,false,true
9835.T,1,standard,ジュンテンドー,6100,小売業,-,false,false,true
9845.T,1,standard,パーカーコーポレーション,3200,化学,-,false,false,true
9846.T,1,standard,天満屋ストア,6100,小売業,-,false,false,true
9849.T,1,standard,共同紙販ホールディングス,6050,卸売業,-,false,false,true
9853.T,1,standard,銀座ルノアール,6100,小売業,-,false,false,true
9854.T,1,standard,愛眼,6100,小売業,-,false,false,true
9856.T,1,standard,ケーユーホールディングス,6100,小売業,TOPIX Small 2,false,false,true
9857.T,1,standard,英和,6050,卸売業,-,false,false,true
9867.T,1,standard,ソレキア,6050,卸売業,-,false,false,true
9872.T,1,standard,北恵,6050,卸売業,-,false,false,true
9876.T,1,standard,コックス,6100,小売業,-,false,false,true
9878.T,1,standard,セキド,6100,小売業,-,false,false,true
9885.T,1,standard,シャルレ,6050,卸売業,-,false,false,true
9888.T,1,standard,ＵＥＸ,6050,卸売業,-,false,false,true
9890.T,1,standard,マキヤ,6100,小売業,-,false,false,true
9895.T,1,standard,コンセック,6050,卸売業,-,false,false,true
9896.T,1,standard,ＪＫホールディングス,6050,卸売業,TOPIX Small 2,false,false,true
9903.T,1,standard,カンセキ,6100,小売業,-,false,false,true
9904.T,1,standard,ベリテ,6100,小売業,-,false,false,true
9906.T,1,standard,藤井産業,6050,卸売業,-,false,false,true
9908.T,1,standard,日本電計,6050,卸売業,-,false,false,true
9913.T,1,standard,日邦産業,6050,卸売業,-,false,false,true
9914.T,1,standard,植松商会,6050,卸売業,-,false,false,true
9927.T,1,standard,ワットマン,6100,小売業,-,false,false,true
9929.T,1,standard,平和紙業,6050,卸売業,-,false,false,true
9930.T,1,standard,北沢産業,6050,卸売業,-,false,false,true
9941.T,1,standard,太洋物産,6050,卸売業,-,false,false,true
9950.T,1,standard,ハチバン,6100,小売業,-,false,false,true
9955.T,1,standard,ヨンキュウ,6050,卸売業,-,false,false,true
9959.T,1,standard,アシードホールディングス,6100,小売業,-,false,false,true
9969.T,1,standard,ショクブン,6100,小売業,-,false,false,true
9972.T,1,standard,アルテック,6050,卸売業,-,false,false,true
9973.T,1,standard,ＫＯＺＯホールディングス,6100,小売業,-,false,false,true
9976.T,1,standard,セキチュー,6100,小売業,-,false,false,true
9978.T,1,standard,文教堂グループホールディングス,6100,小売業,-,false,false,true
9979.T,1,standard,大庄,6100,小売業,TOPIX Small 2,false,false,true
9980.T,1,standard,ＭＲＫホールディングス,6100,小売業,-,false,false,true
9982.T,1,standard,タキヒヨー,6050,卸売業,-,false,false,true
9986.T,1,standard,蔵王産業,6050,卸売業,-,false,false,true
9993.T,1,standard,ヤマザワ,6100,小売業,-,false,false,true
9994.T,1,standard,やまや,6100,小売業,-,false,false,true
9996.T,1,standard,サトー商会,6050,卸売業,-,false,false,true
