timestamp_utc,open,high,low,close,volume
2026-04-10T00:05:00+00:00,2874.5,2877.0,2871.0,2874.5,0.0
2026-04-10T00:06:00+00:00,2875.0,2877.5,2871.0,2872.5,150700.0
2026-04-10T00:07:00+00:00,2872.5,2873.0,2870.0,2870.5,109700.0
2026-04-10T00:08:00+00:00,2871.0,2871.5,2868.0,2869.5,176600.0
2026-04-10T00:09:00+00:00,2870.0,2870.5,2866.0,2867.5,99400.0
2026-04-10T00:10:00+00:00,2868.0,2870.0,2866.5,2866.5,131900.0
2026-04-10T00:11:00+00:00,2866.5,2868.5,2860.5,2864.5,277200.0
2026-04-10T00:12:00+00:00,2864.5,2868.5,2863.5,2867.5,147600.0
2026-04-10T00:13:00+00:00,2868.0,2870.0,2867.0,2867.5,118400.0
2026-04-10T00:14:00+00:00,2867.5,2872.0,2867.0,2869.5,191600.0
2026-04-10T00:15:00+00:00,2869.0,2871.0,2866.5,2867.0,157100.0
2026-04-10T00:16:00+00:00,2867.0,2870.5,2864.5,2869.5,147900.0
2026-04-10T00:17:00+00:00,2870.0,2871.5,2868.0,2868.0,107000.0
2026-04-10T00:18:00+00:00,2869.0,2869.5,2864.5,2865.5,127400.0
2026-04-10T00:19:00+00:00,2866.5,2868.5,2864.5,2868.0,104700.0
2026-04-10T00:20:00+00:00,2867.5,2871.0,2866.0,2870.5,179400.0
2026-04-10T00:21:00+00:00,2870.0,2870.5,2866.5,2867.0,100700.0
2026-04-10T00:22:00+00:00,2867.0,2868.5,2863.0,2864.5,130200.0
2026-04-10T00:23:00+00:00,2865.0,2866.5,2862.0,2864.0,83600.0
2026-04-10T00:24:00+00:00,2863.5,2863.5,2859.5,2861.0,149400.0
2026-04-10T00:25:00+00:00,2861.0,2864.5,2860.5,2863.5,92000.0
2026-04-10T00:26:00+00:00,2864.5,2865.0,2860.5,2860.5,55100.0
2026-04-10T00:27:00+00:00,2861.0,2864.0,2860.0,2863.5,65400.0
2026-04-10T00:28:00+00:00,2863.0,2864.5,2859.0,2859.5,139800.0
2026-04-10T00:29:00+00:00,2859.5,2859.5,2857.0,2857.0,97500.0
2026-04-10T00:30:00+00:00,2857.0,2857.5,2854.0,2854.5,205800.0
2026-04-10T00:31:00+00:00,2854.5,2858.5,2853.5,2858.5,108000.0
2026-04-10T00:32:00+00:00,2859.0,2859.0,2854.5,2854.5,73300.0
2026-04-10T00:33:00+00:00,2854.0,2854.0,2850.0,2851.0,242300.0
2026-04-10T00:34:00+00:00,2851.0,2851.0,2847.0,2847.0,118800.0
2026-04-10T00:35:00+00:00,2847.5,2851.5,2847.5,2850.0,80600.0
2026-04-10T00:36:00+00:00,2850.0,2852.0,2847.0,2848.5,142000.0
2026-04-10T00:37:00+00:00,2848.5,2848.5,2845.5,2847.0,93100.0
2026-04-10T00:38:00+00:00,2847.5,2850.0,2847.0,2849.5,60800.0
2026-04-10T00:39:00+00:00,2849.0,2850.0,2847.5,2850.0,58100.0
2026-04-10T00:40:00+00:00,2849.5,2851.0,2849.0,2850.0,67100.0
2026-04-10T00:41:00+00:00,2850.0,2850.0,2847.0,2848.5,71400.0
2026-04-10T00:42:00+00:00,2848.5,2850.5,2847.5,2848.5,94200.0
2026-04-10T00:43:00+00:00,2848.5,2851.5,2848.0,2849.0,78200.0
2026-04-10T00:44:00+00:00,2848.5,2849.5,2847.5,2847.5,42300.0
2026-04-10T00:45:00+00:00,2847.5,2853.0,2847.5,2853.0,87200.0
2026-04-10T00:46:00+00:00,2852.5,2854.0,2850.5,2853.0,77500.0
2026-04-10T00:47:00+00:00,2853.0,2853.5,2849.5,2852.5,183400.0
2026-04-10T00:48:00+00:00,2852.5,2853.5,2850.5,2853.5,35100.0
2026-04-10T00:49:00+00:00,2853.5,2857.5,2853.5,2857.5,135800.0
2026-04-10T00:50:00+00:00,2857.5,2866.5,2856.0,2862.0,354500.0
2026-04-10T00:51:00+00:00,2862.0,2862.0,2859.0,2861.0,115400.0
2026-04-10T00:52:00+00:00,2860.5,2861.0,2859.0,2860.0,63100.0
2026-04-10T00:53:00+00:00,2859.5,2859.5,2856.5,2857.5,73900.0
2026-04-10T00:54:00+00:00,2857.5,2857.5,2855.5,2855.5,45100.0
2026-04-10T00:55:00+00:00,2855.5,2855.5,2852.5,2854.5,147800.0
2026-04-10T00:56:00+00:00,2855.0,2855.0,2852.0,2852.5,68200.0
2026-04-10T00:57:00+00:00,2852.5,2854.5,2852.5,2853.0,48000.0
2026-04-10T00:58:00+00:00,2853.5,2856.0,2853.5,2853.5,62100.0
2026-04-10T00:59:00+00:00,2853.0,2853.0,2850.0,2851.0,135100.0
2026-04-10T01:00:00+00:00,2851.5,2853.5,2849.0,2853.5,99800.0
2026-04-10T01:01:00+00:00,2853.5,2854.0,2852.0,2854.0,57000.0
2026-04-10T01:02:00+00:00,2854.5,2857.5,2854.5,2857.5,55100.0
2026-04-10T01:03:00+00:00,2858.0,2862.0,2856.5,2862.0,134500.0
2026-04-10T01:04:00+00:00,2861.0,2861.0,2857.5,2858.5,57400.0
2026-04-10T01:05:00+00:00,2858.5,2859.5,2856.0,2859.5,50300.0
2026-04-10T01:06:00+00:00,2859.0,2861.0,2858.0,2860.5,95100.0
2026-04-10T01:07:00+00:00,2861.0,2863.0,2860.5,2861.5,126000.0
2026-04-10T01:08:00+00:00,2861.5,2862.5,2860.0,2860.0,56500.0
2026-04-10T01:09:00+00:00,2860.5,2861.0,2858.5,2858.5,80300.0
2026-04-10T01:10:00+00:00,2859.0,2861.5,2859.0,2860.5,59600.0
2026-04-10T01:11:00+00:00,2860.0,2860.0,2858.5,2858.5,47700.0
2026-04-10T01:12:00+00:00,2858.5,2861.0,2858.0,2860.0,67000.0
2026-04-10T01:13:00+00:00,2859.5,2860.5,2859.5,2860.0,35600.0
2026-04-10T01:14:00+00:00,2860.5,2861.0,2858.0,2858.5,69700.0
2026-04-10T01:15:00+00:00,2859.0,2860.0,2857.5,2858.0,40600.0
2026-04-10T01:16:00+00:00,2858.0,2859.5,2857.5,2859.5,31500.0
2026-04-10T01:17:00+00:00,2859.5,2859.5,2858.0,2858.5,20200.0
2026-04-10T01:18:00+00:00,2858.5,2858.5,2856.5,2857.0,48700.0
2026-04-10T01:19:00+00:00,2856.5,2858.0,2856.5,2857.0,31300.0
2026-04-10T01:20:00+00:00,2857.5,2858.5,2856.5,2858.0,46100.0
2026-04-10T01:21:00+00:00,2858.0,2858.0,2856.0,2858.0,71300.0
2026-04-10T01:22:00+00:00,2858.0,2859.0,2857.5,2858.0,35100.0
2026-04-10T01:23:00+00:00,2858.5,2861.0,2858.5,2861.0,76700.0
2026-04-10T01:24:00+00:00,2860.5,2861.0,2859.0,2859.0,41400.0
2026-04-10T01:25:00+00:00,2858.5,2858.5,2856.5,2858.5,71400.0
2026-04-10T01:26:00+00:00,2858.5,2860.0,2857.5,2859.0,23000.0
2026-04-10T01:27:00+00:00,2858.5,2865.5,2858.5,2865.0,229900.0
2026-04-10T01:28:00+00:00,2865.5,2866.0,2861.5,2862.0,68600.0
2026-04-10T01:29:00+00:00,2862.5,2863.0,2862.0,2862.5,22100.0
2026-04-10T01:30:00+00:00,2862.5,2865.5,2861.5,2865.5,48000.0
2026-04-10T01:31:00+00:00,2865.5,2867.0,2865.5,2866.5,75600.0
2026-04-10T01:32:00+00:00,2867.0,2867.5,2866.0,2866.5,77300.0
2026-04-10T01:33:00+00:00,2866.5,2869.5,2866.5,2869.5,85100.0
2026-04-10T01:34:00+00:00,2869.0,2871.0,2868.5,2870.0,162000.0
2026-04-10T01:35:00+00:00,2870.0,2871.5,2870.0,2871.0,51600.0
2026-04-10T01:36:00+00:00,2871.5,2873.0,2869.5,2870.0,96700.0
2026-04-10T01:37:00+00:00,2870.0,2871.0,2869.0,2871.0,54600.0
2026-04-10T01:38:00+00:00,2871.0,2871.5,2870.0,2871.5,44300.0
2026-04-10T01:39:00+00:00,2871.0,2871.5,2870.0,2870.5,30500.0
2026-04-10T01:40:00+00:00,2870.0,2871.0,2869.0,2870.5,46200.0
2026-04-10T01:41:00+00:00,2870.5,2871.0,2867.5,2870.0,62300.0
2026-04-10T01:42:00+00:00,2870.0,2870.5,2868.0,2868.5,77400.0
2026-04-10T01:43:00+00:00,2869.0,2869.0,2867.5,2868.5,47500.0
2026-04-10T01:44:00+00:00,2868.5,2868.5,2868.0,2868.5,25300.0
2026-04-10T01:45:00+00:00,2869.0,2869.5,2867.5,2868.0,41900.0
2026-04-10T01:46:00+00:00,2868.0,2868.0,2865.0,2865.0,40000.0
2026-04-10T01:47:00+00:00,2865.5,2866.5,2864.5,2866.0,28600.0
2026-04-10T01:48:00+00:00,2865.5,2867.5,2864.5,2867.5,92800.0
2026-04-10T01:49:00+00:00,2867.0,2867.5,2866.5,2867.0,20200.0
2026-04-10T01:50:00+00:00,2867.0,2871.0,2866.5,2870.5,208500.0
2026-04-10T01:51:00+00:00,2870.5,2871.0,2869.0,2869.5,48800.0
2026-04-10T01:52:00+00:00,2869.5,2870.0,2869.0,2869.5,40900.0
2026-04-10T01:53:00+00:00,2869.0,2870.5,2868.5,2870.0,59800.0
2026-04-10T01:54:00+00:00,2870.5,2870.5,2869.5,2870.5,12200.0
2026-04-10T01:55:00+00:00,2870.5,2871.0,2866.5,2868.0,63800.0
2026-04-10T01:56:00+00:00,2867.5,2868.0,2866.5,2868.0,43900.0
2026-04-10T01:57:00+00:00,2868.0,2868.5,2867.5,2868.5,20700.0
2026-04-10T01:58:00+00:00,2868.5,2871.0,2868.0,2868.0,124500.0
2026-04-10T01:59:00+00:00,2867.5,2868.5,2867.0,2867.5,34200.0
2026-04-10T02:00:00+00:00,2867.5,2868.0,2864.0,2868.0,75000.0
2026-04-10T02:01:00+00:00,2867.5,2867.5,2865.0,2865.5,43300.0
2026-04-10T02:02:00+00:00,2865.5,2868.5,2865.5,2867.0,94500.0
2026-04-10T02:03:00+00:00,2867.0,2867.0,2865.0,2865.0,28800.0
2026-04-10T02:04:00+00:00,2865.0,2866.5,2864.5,2864.5,65200.0
2026-04-10T02:05:00+00:00,2864.5,2865.5,2864.5,2865.0,16700.0
2026-04-10T02:06:00+00:00,2865.5,2866.5,2865.0,2866.0,34100.0
2026-04-10T02:07:00+00:00,2866.5,2867.5,2866.0,2867.0,37300.0
2026-04-10T02:08:00+00:00,2867.5,2868.0,2866.0,2866.0,35000.0
2026-04-10T02:09:00+00:00,2866.5,2868.0,2866.5,2867.5,48000.0
2026-04-10T02:10:00+00:00,2867.5,2870.0,2867.5,2869.0,72700.0
2026-04-10T02:11:00+00:00,2868.5,2868.5,2867.5,2868.0,17900.0
2026-04-10T02:12:00+00:00,2868.0,2869.5,2866.5,2866.5,45000.0
2026-04-10T02:13:00+00:00,2866.5,2867.5,2866.5,2867.0,24800.0
2026-04-10T02:14:00+00:00,2867.5,2868.0,2867.0,2867.5,31700.0
2026-04-10T02:15:00+00:00,2867.5,2869.0,2867.5,2868.0,47400.0
2026-04-10T02:16:00+00:00,2868.0,2868.0,2865.5,2866.5,69700.0
2026-04-10T02:17:00+00:00,2867.0,2868.0,2866.5,2868.0,25100.0
2026-04-10T02:18:00+00:00,2868.0,2868.0,2867.0,2867.0,28400.0
2026-04-10T02:19:00+00:00,2867.0,2868.0,2866.5,2868.0,46700.0
2026-04-10T02:20:00+00:00,2867.5,2868.5,2866.0,2866.0,49600.0
2026-04-10T02:21:00+00:00,2867.0,2868.0,2866.5,2868.0,38100.0
2026-04-10T02:22:00+00:00,2867.5,2868.5,2867.0,2867.5,40300.0
2026-04-10T02:23:00+00:00,2867.5,2869.0,2867.0,2869.0,38700.0
2026-04-10T02:24:00+00:00,2868.5,2869.5,2868.0,2869.5,36200.0
2026-04-10T02:25:00+00:00,2869.5,2869.5,2867.5,2868.5,40400.0
2026-04-10T02:26:00+00:00,2868.0,2868.5,2866.0,2867.5,27800.0
2026-04-10T02:27:00+00:00,2867.5,2867.5,2866.5,2867.0,27100.0
2026-04-10T02:28:00+00:00,2868.0,2868.0,2866.5,2867.0,20500.0
2026-04-10T02:29:00+00:00,2867.5,2870.0,2867.5,2869.5,57100.0
2026-04-10T02:30:00+00:00,2870.0,2870.0,2870.0,2870.0,89400.0
2026-04-10T03:30:00+00:00,2866.0,2867.5,2860.0,2865.5,633300.0
2026-04-10T03:31:00+00:00,2866.0,2867.5,2863.5,2864.0,69800.0
2026-04-10T03:32:00+00:00,2863.5,2864.0,2862.0,2864.0,88000.0
2026-04-10T03:33:00+00:00,2863.5,2865.0,2861.5,2865.0,88700.0
2026-04-10T03:34:00+00:00,2865.0,2865.5,2864.0,2864.0,63100.0
2026-04-10T03:35:00+00:00,2864.0,2865.0,2863.5,2864.0,30600.0
2026-04-10T03:36:00+00:00,2864.5,2865.5,2864.0,2865.5,49500.0
2026-04-10T03:37:00+00:00,2865.0,2866.5,2865.0,2866.5,66100.0
2026-04-10T03:38:00+00:00,2867.0,2868.0,2866.0,2866.5,63700.0
2026-04-10T03:39:00+00:00,2866.0,2867.0,2866.0,2866.5,38600.0
2026-04-10T03:40:00+00:00,2867.0,2867.5,2866.0,2867.5,44000.0
2026-04-10T03:41:00+00:00,2867.0,2867.0,2865.5,2865.5,49800.0
2026-04-10T03:42:00+00:00,2865.0,2865.5,2864.5,2864.5,50000.0
2026-04-10T03:43:00+00:00,2864.5,2867.0,2864.0,2866.0,93300.0
2026-04-10T03:44:00+00:00,2866.5,2867.5,2866.0,2867.0,44100.0
2026-04-10T03:45:00+00:00,2867.5,2868.0,2866.5,2867.0,49100.0
2026-04-10T03:46:00+00:00,2867.0,2867.5,2866.5,2867.5,58800.0
2026-04-10T03:47:00+00:00,2867.5,2869.0,2867.0,2868.0,113100.0
2026-04-10T03:48:00+00:00,2867.5,2868.5,2867.0,2867.5,31900.0
2026-04-10T03:49:00+00:00,2868.0,2868.0,2865.5,2866.0,98800.0
2026-04-10T03:50:00+00:00,2865.0,2866.0,2860.0,2861.0,176600.0
2026-04-10T03:51:00+00:00,2861.5,2862.5,2860.0,2860.0,34400.0
2026-04-10T03:52:00+00:00,2860.0,2862.5,2860.0,2861.5,57600.0
2026-04-10T03:53:00+00:00,2861.5,2862.0,2861.0,2861.5,36400.0
2026-04-10T03:54:00+00:00,2862.0,2862.5,2861.5,2862.0,42800.0
2026-04-10T03:55:00+00:00,2862.5,2863.0,2861.0,2863.0,31600.0
2026-04-10T03:56:00+00:00,2862.5,2863.0,2861.0,2862.0,30700.0
2026-04-10T03:57:00+00:00,2862.0,2863.0,2861.0,2861.0,94000.0
2026-04-10T03:58:00+00:00,2860.5,2861.5,2860.0,2861.5,31500.0
2026-04-10T03:59:00+00:00,2861.0,2861.5,2861.0,2861.5,15400.0
2026-04-10T04:00:00+00:00,2861.5,2864.0,2861.0,2864.0,83300.0
2026-04-10T04:01:00+00:00,2864.0,2865.0,2864.0,2865.0,54700.0
2026-04-10T04:02:00+00:00,2864.5,2865.0,2863.5,2865.0,50100.0
2026-04-10T04:03:00+00:00,2865.0,2866.0,2865.0,2866.0,49800.0
2026-04-10T04:04:00+00:00,2865.5,2868.0,2865.5,2867.5,96100.0
2026-04-10T04:05:00+00:00,2867.0,2868.0,2866.0,2866.0,46700.0
2026-04-10T04:06:00+00:00,2866.5,2867.5,2865.5,2866.5,60700.0
2026-04-10T04:07:00+00:00,2866.5,2866.5,2865.5,2866.0,23200.0
2026-04-10T04:08:00+00:00,2866.0,2867.5,2866.0,2867.5,57800.0
2026-04-10T04:09:00+00:00,2867.5,2867.5,2867.0,2867.0,10000.0
2026-04-10T04:10:00+00:00,2867.0,2867.0,2865.0,2865.0,56400.0
2026-04-10T04:11:00+00:00,2865.5,2866.0,2865.0,2865.0,11900.0
2026-04-10T04:12:00+00:00,2865.5,2866.0,2864.5,2864.5,53900.0
2026-04-10T04:13:00+00:00,2864.5,2865.0,2863.5,2864.0,30600.0
2026-04-10T04:14:00+00:00,2864.0,2865.0,2863.0,2864.0,40800.0
2026-04-10T04:15:00+00:00,2864.0,2865.0,2864.0,2864.0,18000.0
2026-04-10T04:16:00+00:00,2864.5,2865.5,2863.5,2864.5,68800.0
2026-04-10T04:17:00+00:00,2864.5,2864.5,2863.5,2864.5,45000.0
2026-04-10T04:18:00+00:00,2865.0,2865.0,2864.0,2864.5,13200.0
2026-04-10T04:19:00+00:00,2864.5,2866.5,2864.5,2865.0,83400.0
2026-04-10T04:20:00+00:00,2865.5,2867.0,2865.5,2866.0,35500.0
2026-04-10T04:21:00+00:00,2866.0,2866.0,2865.5,2866.0,26000.0
2026-04-10T04:22:00+00:00,2866.0,2866.0,2865.5,2866.0,13000.0
2026-04-10T04:23:00+00:00,2865.5,2866.0,2863.5,2863.5,44000.0
2026-04-10T04:24:00+00:00,2864.0,2864.0,2862.0,2862.0,59000.0
2026-04-10T04:25:00+00:00,2862.0,2863.5,2862.0,2863.0,57800.0
2026-04-10T04:26:00+00:00,2862.5,2863.0,2862.0,2862.5,27200.0
2026-04-10T04:27:00+00:00,2862.0,2863.0,2862.0,2862.5,22900.0
2026-04-10T04:28:00+00:00,2862.5,2863.0,2861.5,2861.5,59700.0
2026-04-10T04:29:00+00:00,2861.0,2861.0,2860.5,2860.5,17900.0
2026-04-10T04:30:00+00:00,2861.0,2863.0,2861.0,2863.0,54400.0
2026-04-10T04:31:00+00:00,2863.0,2864.0,2861.5,2862.5,53000.0
2026-04-10T04:32:00+00:00,2862.5,2863.0,2861.5,2863.0,50100.0
2026-04-10T04:33:00+00:00,2863.0,2864.5,2862.5,2863.0,73600.0
2026-04-10T04:34:00+00:00,2863.0,2863.5,2862.5,2862.5,9300.0
2026-04-10T04:35:00+00:00,2862.5,2863.5,2862.5,2863.0,13500.0
2026-04-10T04:36:00+00:00,2863.0,2863.5,2863.0,2863.0,15700.0
2026-04-10T04:37:00+00:00,2863.0,2863.0,2861.5,2861.5,36300.0
2026-04-10T04:38:00+00:00,2861.5,2861.5,2861.0,2861.0,17100.0
2026-04-10T04:39:00+00:00,2861.5,2861.5,2860.5,2860.5,43200.0
2026-04-10T04:40:00+00:00,2860.5,2861.0,2860.5,2861.0,15200.0
2026-04-10T04:41:00+00:00,2861.0,2861.5,2861.0,2861.5,33300.0
2026-04-10T04:42:00+00:00,2861.5,2863.0,2861.0,2863.0,85200.0
2026-04-10T04:43:00+00:00,2863.0,2863.5,2861.5,2861.5,43600.0
2026-04-10T04:44:00+00:00,2861.5,2862.0,2861.0,2861.5,48200.0
2026-04-10T04:45:00+00:00,2861.5,2862.0,2861.0,2862.0,14200.0
2026-04-10T04:46:00+00:00,2862.0,2862.0,2860.5,2861.0,110600.0
2026-04-10T04:47:00+00:00,2861.0,2861.0,2860.5,2860.5,17800.0
2026-04-10T04:48:00+00:00,2860.0,2861.0,2859.5,2861.0,175800.0
2026-04-10T04:49:00+00:00,2860.5,2861.0,2860.5,2861.0,16000.0
2026-04-10T04:50:00+00:00,2861.0,2861.5,2861.0,2861.5,24500.0
2026-04-10T04:51:00+00:00,2861.5,2862.5,2861.0,2862.5,39700.0
2026-04-10T04:52:00+00:00,2862.0,2862.0,2860.5,2860.5,90300.0
2026-04-10T04:53:00+00:00,2860.5,2861.5,2860.5,2861.5,29000.0
2026-04-10T04:54:00+00:00,2861.0,2861.0,2860.5,2861.0,37500.0
2026-04-10T04:55:00+00:00,2861.0,2861.0,2860.5,2861.0,3000.0
2026-04-10T04:56:00+00:00,2860.5,2861.0,2860.0,2860.0,41600.0
2026-04-10T04:57:00+00:00,2859.5,2860.5,2859.5,2860.5,29000.0
2026-04-10T04:58:00+00:00,2860.0,2861.0,2860.0,2861.0,17900.0
2026-04-10T04:59:00+00:00,2861.0,2861.0,2860.5,2861.0,30800.0
2026-04-10T05:00:00+00:00,2861.0,2862.0,2860.5,2861.0,83000.0
2026-04-10T05:01:00+00:00,2861.0,2862.5,2861.0,2862.0,55700.0
2026-04-10T05:02:00+00:00,2861.5,2863.0,2861.5,2862.5,53000.0
2026-04-10T05:03:00+00:00,2862.0,2862.5,2862.0,2862.5,12600.0
2026-04-10T05:04:00+00:00,2862.0,2862.5,2862.0,2862.5,18700.0
2026-04-10T05:05:00+00:00,2862.5,2862.5,2861.5,2861.5,40800.0
2026-04-10T05:06:00+00:00,2861.5,2862.5,2861.0,2862.0,56500.0
2026-04-10T05:07:00+00:00,2862.5,2863.0,2862.0,2862.0,31700.0
2026-04-10T05:08:00+00:00,2861.5,2863.5,2861.5,2863.0,109800.0
2026-04-10T05:09:00+00:00,2863.0,2863.5,2863.0,2863.5,37300.0
2026-04-10T05:10:00+00:00,2864.0,2864.0,2863.5,2864.0,43400.0
2026-04-10T05:11:00+00:00,2864.0,2864.5,2863.0,2863.0,74800.0
2026-04-10T05:12:00+00:00,2862.5,2863.5,2862.0,2862.5,55300.0
2026-04-10T05:13:00+00:00,2863.0,2863.5,2862.5,2863.0,32500.0
2026-04-10T05:14:00+00:00,2863.0,2863.5,2862.5,2862.5,56900.0
2026-04-10T05:15:00+00:00,2862.5,2862.5,2860.5,2861.0,58000.0
2026-04-10T05:16:00+00:00,2861.0,2862.0,2861.0,2862.0,18700.0
2026-04-10T05:17:00+00:00,2861.5,2862.0,2861.5,2862.0,32000.0
2026-04-10T05:18:00+00:00,2862.0,2862.5,2861.0,2861.5,30000.0
2026-04-10T05:19:00+00:00,2861.5,2862.0,2861.0,2862.0,38700.0
2026-04-10T05:20:00+00:00,2862.0,2862.0,2861.0,2861.5,18700.0
2026-04-10T05:21:00+00:00,2862.0,2862.5,2861.5,2862.0,44100.0
2026-04-10T05:22:00+00:00,2861.5,2862.0,2861.5,2861.5,16200.0
2026-04-10T05:23:00+00:00,2862.0,2862.0,2860.0,2860.0,81400.0
2026-04-10T05:24:00+00:00,2860.0,2860.5,2860.0,2860.0,9300.0
2026-04-10T05:25:00+00:00,2860.0,2860.5,2860.0,2860.5,33100.0
2026-04-10T05:26:00+00:00,2861.0,2861.0,2859.5,2860.0,38200.0
2026-04-10T05:27:00+00:00,2860.5,2861.0,2860.5,2861.0,40900.0
2026-04-10T05:28:00+00:00,2861.0,2863.5,2861.0,2863.0,134900.0
2026-04-10T05:29:00+00:00,2863.0,2863.0,2861.5,2861.5,28900.0
2026-04-10T05:30:00+00:00,2861.5,2863.0,2861.5,2863.0,30700.0
2026-04-10T05:31:00+00:00,2862.5,2864.0,2862.5,2863.0,48000.0
2026-04-10T05:32:00+00:00,2862.5,2863.0,2862.0,2862.5,17100.0
2026-04-10T05:33:00+00:00,2863.0,2863.0,2862.5,2862.5,17800.0
2026-04-10T05:34:00+00:00,2862.5,2863.0,2862.5,2862.5,19100.0
2026-04-10T05:35:00+00:00,2862.5,2863.0,2862.0,2862.0,23700.0
2026-04-10T05:36:00+00:00,2862.5,2862.5,2861.5,2862.0,52000.0
2026-04-10T05:37:00+00:00,2862.0,2862.5,2862.0,2862.5,3600.0
2026-04-10T05:38:00+00:00,2862.5,2862.5,2860.5,2861.5,74400.0
2026-04-10T05:39:00+00:00,2861.5,2863.5,2861.5,2862.5,86900.0
2026-04-10T05:40:00+00:00,2863.0,2863.0,2862.0,2863.0,50900.0
2026-04-10T05:41:00+00:00,2862.5,2862.5,2861.5,2862.0,29700.0
2026-04-10T05:42:00+00:00,2862.0,2862.0,2860.5,2860.5,48600.0
2026-04-10T05:43:00+00:00,2861.0,2862.0,2861.0,2861.5,25900.0
2026-04-10T05:44:00+00:00,2861.5,2863.0,2861.5,2861.5,110600.0
2026-04-10T05:45:00+00:00,2861.5,2862.0,2861.5,2862.0,20800.0
2026-04-10T05:46:00+00:00,2861.5,2862.0,2860.0,2861.5,77600.0
2026-04-10T05:47:00+00:00,2861.0,2861.5,2861.0,2861.0,12800.0
2026-04-10T05:48:00+00:00,2861.0,2862.5,2861.0,2862.0,77800.0
2026-04-10T05:49:00+00:00,2862.0,2862.5,2862.0,2862.5,28000.0
2026-04-10T05:50:00+00:00,2862.5,2863.0,2861.5,2861.5,65700.0
2026-04-10T05:51:00+00:00,2861.5,2861.5,2859.5,2860.0,81400.0
2026-04-10T05:52:00+00:00,2859.5,2860.0,2859.0,2859.0,39600.0
2026-04-10T05:53:00+00:00,2859.5,2859.5,2856.0,2856.5,138800.0
2026-04-10T05:54:00+00:00,2856.5,2856.5,2856.0,2856.0,16600.0
2026-04-10T05:55:00+00:00,2856.5,2857.5,2856.5,2857.0,98200.0
2026-04-10T05:56:00+00:00,2857.0,2857.0,2856.0,2856.5,31200.0
2026-04-10T05:57:00+00:00,2856.5,2856.5,2854.0,2854.0,154100.0
2026-04-10T05:58:00+00:00,2854.0,2854.5,2853.0,2854.5,89700.0
2026-04-10T05:59:00+00:00,2853.5,2853.5,2848.5,2849.0,288800.0
2026-04-10T06:00:00+00:00,2849.0,2850.0,2847.5,2849.0,136800.0
2026-04-10T06:01:00+00:00,2849.5,2850.0,2849.0,2849.5,27900.0
2026-04-10T06:02:00+00:00,2849.0,2849.5,2848.0,2848.5,40600.0
2026-04-10T06:03:00+00:00,2848.5,2850.5,2848.0,2848.5,293200.0
2026-04-10T06:04:00+00:00,2848.5,2849.0,2848.0,2848.5,20400.0
2026-04-10T06:05:00+00:00,2848.0,2848.5,2847.5,2848.5,44400.0
2026-04-10T06:06:00+00:00,2848.5,2849.0,2847.5,2847.5,40800.0
2026-04-10T06:07:00+00:00,2847.5,2848.5,2847.5,2848.5,50000.0
2026-04-10T06:08:00+00:00,2848.5,2849.5,2848.5,2848.5,95000.0
2026-04-10T06:09:00+00:00,2849.0,2849.5,2848.5,2849.0,25400.0
2026-04-10T06:10:00+00:00,2848.5,2848.5,2847.5,2848.0,67100.0
2026-04-10T06:11:00+00:00,2847.5,2848.0,2846.0,2846.5,52300.0
2026-04-10T06:12:00+00:00,2846.0,2846.5,2845.5,2846.0,55600.0
2026-04-10T06:13:00+00:00,2845.5,2846.0,2844.5,2845.0,135800.0
2026-04-10T06:14:00+00:00,2844.5,2845.5,2844.5,2845.5,45600.0
2026-04-10T06:15:00+00:00,2845.0,2845.0,2844.5,2845.0,39800.0
2026-04-10T06:16:00+00:00,2845.0,2846.5,2844.5,2846.5,72300.0
2026-04-10T06:17:00+00:00,2846.5,2846.5,2845.5,2845.5,55700.0
2026-04-10T06:18:00+00:00,2845.5,2846.0,2845.0,2845.5,28400.0
2026-04-10T06:19:00+00:00,2845.0,2846.0,2845.0,2845.0,33700.0
2026-04-10T06:20:00+00:00,2845.5,2847.0,2845.0,2847.0,53800.0
2026-04-10T06:21:00+00:00,2846.5,2847.0,2846.5,2847.0,54400.0
2026-04-10T06:22:00+00:00,2846.5,2847.0,2844.5,2845.0,93400.0
2026-04-10T06:23:00+00:00,2845.0,2845.5,2844.0,2844.5,73800.0
2026-04-10T06:24:00+00:00,2844.0,2845.5,2843.5,2844.0,99400.0
2026-05-08T06:30:00+00:00,2806.5,2806.5,2806.5,2806.5,0.0
