trade_date,symbol,in_kabu_native,in_legacy,effective_source,effective_path,valid,issue,bytes
2026-04-10,1306.T,False,True,legacy,C:\Users\yhach\Documents\tradebotfile\data\intraday_1m\2026-04-10\1306.T.csv,True,,31757
2026-04-10,1321.T,False,True,legacy,C:\Users\yhach\Documents\tradebotfile\data\intraday_1m\2026-04-10\1321.T.csv,True,,21016
2026-04-10,5016.T,False,True,legacy,C:\Users\yhach\Documents\tradebotfile\data\intraday_1m\2026-04-10\5016.T.csv,True,,20558
2026-04-10,5803.T,False,True,legacy,C:\Users\yhach\Documents\tradebotfile\data\intraday_1m\2026-04-10\5803.T.csv,True,,20595
2026-04-10,6315.T,False,True,legacy,C:\Users\yhach\Documents\tradebotfile\data\intraday_1m\2026-04-10\6315.T.csv,True,,20120
2026-04-10,6501.T,False,True,legacy,C:\Users\yhach\Documents\tradebotfile\data\intraday_1m\2026-04-10\6501.T.csv,True,,20247
2026-04-10,6526.T,False,True,legacy,C:\Users\yhach\Documents\tradebotfile\data\intraday_1m\2026-04-10\6526.T.csv,True,,20111
2026-04-10,6857.T,False,True,legacy,C:\Users\yhach\Documents\tradebotfile\data\intraday_1m\2026-04-10\6857.T.csv,True,,21542
2026-04-10,6890.T,False,True,legacy,C:\Users\yhach\Documents\tradebotfile\data\intraday_1m\2026-04-10\6890.T.csv,True,,15607
2026-04-10,6920.T,False,True,legacy,C:\Users\yhach\Documents\tradebotfile\data\intraday_1m\2026-04-10\6920.T.csv,True,,21461
2026-04-10,7003.T,False,True,legacy,C:\Users\yhach\Documents\tradebotfile\data\intraday_1m\2026-04-10\7003.T.csv,True,,20140
2026-04-10,7011.T,False,True,legacy,C:\Users\yhach\Documents\tradebotfile\data\intraday_1m\2026-04-10\7011.T.csv,True,,20393
2026-04-10,7012.T,False,True,legacy,C:\Users\yhach\Documents\tradebotfile\data\intraday_1m\2026-04-10\7012.T.csv,True,,20293
2026-04-10,7013.T,False,True,legacy,C:\Users\yhach\Documents\tradebotfile\data\intraday_1m\2026-04-10\7013.T.csv,True,,20316
2026-04-10,7203.T,False,True,legacy,C:\Users\yhach\Documents\tradebotfile\data\intraday_1m\2026-04-10\7203.T.csv,True,,20235
2026-04-10,7974.T,False,True,legacy,C:\Users\yhach\Documents\tradebotfile\data\intraday_1m\2026-04-10\7974.T.csv,True,,20345
2026-04-10,8001.T,False,True,legacy,C:\Users\yhach\Documents\tradebotfile\data\intraday_1m\2026-04-10\8001.T.csv,True,,20259
2026-04-10,8002.T,False,True,legacy,C:\Users\yhach\Documents\tradebotfile\data\intraday_1m\2026-04-10\8002.T.csv,True,,20076
2026-04-10,8031.T,False,True,legacy,C:\Users\yhach\Documents\tradebotfile\data\intraday_1m\2026-04-10\8031.T.csv,True,,20111
2026-04-10,8058.T,False,True,legacy,C:\Users\yhach\Documents\tradebotfile\data\intraday_1m\2026-04-10\8058.T.csv,True,,20228
2026-04-10,8136.T,False,True,legacy,C:\Users\yhach\Documents\tradebotfile\data\intraday_1m\2026-04-10\8136.T.csv,True,,31210
2026-04-10,8306.T,False,True,legacy,C:\Users\yhach\Documents\tradebotfile\data\intraday_1m\2026-04-10\8306.T.csv,True,,20365
2026-04-10,8473.T,False,True,legacy,C:\Users\yhach\Documents\tradebotfile\data\intraday_1m\2026-04-10\8473.T.csv,True,,19808
2026-04-10,9412.T,False,True,legacy,C:\Users\yhach\Documents\tradebotfile\data\intraday_1m\2026-04-10\9412.T.csv,True,,18490
2026-04-10,9432.T,False,True,legacy,C:\Users\yhach\Documents\tradebotfile\data\intraday_1m\2026-04-10\9432.T.csv,True,,32061
2026-04-10,9434.T,False,True,legacy,C:\Users\yhach\Documents\tradebotfile\data\intraday_1m\2026-04-10\9434.T.csv,True,,32825
2026-04-10,9984.T,False,True,legacy,C:\Users\yhach\Documents\tradebotfile\data\intraday_1m\2026-04-10\9984.T.csv,True,,20453
2026-04-13,1306.T,False,True,legacy,C:\Users\yhach\Documents\tradebotfile\data\intraday_1m\2026-04-13\1306.T.csv,True,,31374
2026-04-13,1321.T,False,True,legacy,C:\Users\yhach\Documents\tradebotfile\data\intraday_1m\2026-04-13\1321.T.csv,True,,21296
2026-04-13,5016.T,False,True,legacy,C:\Users\yhach\Documents\tradebotfile\data\intraday_1m\2026-04-13\5016.T.csv,True,,20733
2026-04-13,5803.T,False,True,legacy,C:\Users\yhach\Documents\tradebotfile\data\intraday_1m\2026-04-13\5803.T.csv,True,,20499
2026-04-13,6315.T,False,True,legacy,C:\Users\yhach\Documents\tradebotfile\data\intraday_1m\2026-04-13\6315.T.csv,True,,20282
2026-04-13,6501.T,False,True,legacy,C:\Users\yhach\Documents\tradebotfile\data\intraday_1m\2026-04-13\6501.T.csv,True,,20569
2026-04-13,6526.T,False,True,legacy,C:\Users\yhach\Documents\tradebotfile\data\intraday_1m\2026-04-13\6526.T.csv,True,,20376
2026-04-13,6857.T,False,True,legacy,C:\Users\yhach\Documents\tradebotfile\data\intraday_1m\2026-04-13\6857.T.csv,True,,21805
2026-04-13,6890.T,False,True,legacy,C:\Users\yhach\Documents\tradebotfile\data\intraday_1m\2026-04-13\6890.T.csv,True,,17791
2026-04-13,6920.T,False,True,legacy,C:\Users\yhach\Documents\tradebotfile\data\intraday_1m\2026-04-13\6920.T.csv,True,,21722
2026-04-13,7003.T,False,True,legacy,C:\Users\yhach\Documents\tradebotfile\data\intraday_1m\2026-04-13\7003.T.csv,True,,20442
2026-04-13,7011.T,False,True,legacy,C:\Users\yhach\Documents\tradebotfile\data\intraday_1m\2026-04-13\7011.T.csv,True,,20640
2026-04-13,7012.T,False,True,legacy,C:\Users\yhach\Documents\tradebotfile\data\intraday_1m\2026-04-13\7012.T.csv,True,,20591
2026-04-13,7013.T,False,True,legacy,C:\Users\yhach\Documents\tradebotfile\data\intraday_1m\2026-04-13\7013.T.csv,True,,20648
2026-04-13,7203.T,False,True,legacy,C:\Users\yhach\Documents\tradebotfile\data\intraday_1m\2026-04-13\7203.T.csv,True,,20544
2026-04-13,7974.T,False,True,legacy,C:\Users\yhach\Documents\tradebotfile\data\intraday_1m\2026-04-13\7974.T.csv,True,,20539
2026-04-13,8001.T,False,True,legacy,C:\Users\yhach\Documents\tradebotfile\data\intraday_1m\2026-04-13\8001.T.csv,True,,20540
2026-04-13,8002.T,False,True,legacy,C:\Users\yhach\Documents\tradebotfile\data\intraday_1m\2026-04-13\8002.T.csv,True,,20350
2026-04-13,8031.T,False,True,legacy,C:\Users\yhach\Documents\tradebotfile\data\intraday_1m\2026-04-13\8031.T.csv,True,,20386
2026-04-13,8058.T,False,True,legacy,C:\Users\yhach\Documents\tradebotfile\data\intraday_1m\2026-04-13\8058.T.csv,True,,20540
2026-04-13,8136.T,False,True,legacy,C:\Users\yhach\Documents\tradebotfile\data\intraday_1m\2026-04-13\8136.T.csv,True,,31598
2026-04-13,8306.T,False,True,legacy,C:\Users\yhach\Documents\tradebotfile\data\intraday_1m\2026-04-13\8306.T.csv,True,,20669
2026-04-13,8473.T,False,True,legacy,C:\Users\yhach\Documents\tradebotfile\data\intraday_1m\2026-04-13\8473.T.csv,True,,19861
2026-04-13,9412.T,False,True,legacy,C:\Users\yhach\Documents\tradebotfile\data\intraday_1m\2026-04-13\9412.T.csv,True,,17003
2026-04-13,9432.T,False,True,legacy,C:\Users\yhach\Documents\tradebotfile\data\intraday_1m\2026-04-13\9432.T.csv,True,,34360
2026-04-13,9434.T,False,True,legacy,C:\Users\yhach\Documents\tradebotfile\data\intraday_1m\2026-04-13\9434.T.csv,True,,33068
2026-04-13,9984.T,False,True,legacy,C:\Users\yhach\Documents\tradebotfile\data\intraday_1m\2026-04-13\9984.T.csv,True,,20568
2026-04-14,1306.T,False,True,legacy,C:\Users\yhach\Documents\tradebotfile\data\intraday_1m\2026-04-14\1306.T.csv,True,,31167
2026-04-14,1321.T,False,True,legacy,C:\Users\yhach\Documents\tradebotfile\data\intraday_1m\2026-04-14\1321.T.csv,True,,21069
2026-04-14,5016.T,False,True,legacy,C:\Users\yhach\Documents\tradebotfile\data\intraday_1m\2026-04-14\5016.T.csv,True,,20410
2026-04-14,5803.T,False,True,legacy,C:\Users\yhach\Documents\tradebotfile\data\intraday_1m\2026-04-14\5803.T.csv,True,,20498
2026-04-14,6315.T,False,True,legacy,C:\Users\yhach\Documents\tradebotfile\data\intraday_1m\2026-04-14\6315.T.csv,True,,20071
2026-04-14,6501.T,False,True,legacy,C:\Users\yhach\Documents\tradebotfile\data\intraday_1m\2026-04-14\6501.T.csv,True,,20245
2026-04-14,6526.T,False,True,legacy,C:\Users\yhach\Documents\tradebotfile\data\intraday_1m\2026-04-14\6526.T.csv,True,,20122
2026-04-14,6857.T,False,True,legacy,C:\Users\yhach\Documents\tradebotfile\data\intraday_1m\2026-04-14\6857.T.csv,True,,21476
2026-04-14,6890.T,False,True,legacy,C:\Users\yhach\Documents\tradebotfile\data\intraday_1m\2026-04-14\6890.T.csv,True,,15610
2026-04-14,6920.T,False,True,legacy,C:\Users\yhach\Documents\tradebotfile\data\intraday_1m\2026-04-14\6920.T.csv,True,,21416
2026-04-14,7003.T,False,True,legacy,C:\Users\yhach\Documents\tradebotfile\data\intraday_1m\2026-04-14\7003.T.csv,True,,20108
2026-04-14,7011.T,False,True,legacy,C:\Users\yhach\Documents\tradebotfile\data\intraday_1m\2026-04-14\7011.T.csv,True,,20313
2026-04-14,7012.T,False,True,legacy,C:\Users\yhach\Documents\tradebotfile\data\intraday_1m\2026-04-14\7012.T.csv,True,,20305
2026-04-14,7013.T,False,True,legacy,C:\Users\yhach\Documents\tradebotfile\data\intraday_1m\2026-04-14\7013.T.csv,True,,20267
2026-04-14,7203.T,False,True,legacy,C:\Users\yhach\Documents\tradebotfile\data\intraday_1m\2026-04-14\7203.T.csv,True,,20238
2026-04-14,7974.T,False,True,legacy,C:\Users\yhach\Documents\tradebotfile\data\intraday_1m\2026-04-14\7974.T.csv,True,,20262
2026-04-14,8001.T,False,True,legacy,C:\Users\yhach\Documents\tradebotfile\data\intraday_1m\2026-04-14\8001.T.csv,True,,20247
2026-04-14,8002.T,False,True,legacy,C:\Users\yhach\Documents\tradebotfile\data\intraday_1m\2026-04-14\8002.T.csv,True,,20058
2026-04-14,8031.T,False,True,legacy,C:\Users\yhach\Documents\tradebotfile\data\intraday_1m\2026-04-14\8031.T.csv,True,,20099
2026-04-14,8058.T,False,True,legacy,C:\Users\yhach\Documents\tradebotfile\data\intraday_1m\2026-04-14\8058.T.csv,True,,20211
2026-04-14,8136.T,False,True,legacy,C:\Users\yhach\Documents\tradebotfile\data\intraday_1m\2026-04-14\8136.T.csv,True,,30809
2026-04-14,8306.T,False,True,legacy,C:\Users\yhach\Documents\tradebotfile\data\intraday_1m\2026-04-14\8306.T.csv,True,,20399
2026-04-14,8473.T,False,True,legacy,C:\Users\yhach\Documents\tradebotfile\data\intraday_1m\2026-04-14\8473.T.csv,True,,19349
2026-04-14,9412.T,False,True,legacy,C:\Users\yhach\Documents\tradebotfile\data\intraday_1m\2026-04-14\9412.T.csv,True,,19127
2026-04-14,9432.T,False,True,legacy,C:\Users\yhach\Documents\tradebotfile\data\intraday_1m\2026-04-14\9432.T.csv,True,,33754
2026-04-14,9434.T,False,True,legacy,C:\Users\yhach\Documents\tradebotfile\data\intraday_1m\2026-04-14\9434.T.csv,True,,32894
2026-04-14,9984.T,False,True,legacy,C:\Users\yhach\Documents\tradebotfile\data\intraday_1m\2026-04-14\9984.T.csv,True,,20602
2026-04-15,1306.T,False,True,legacy,C:\Users\yhach\Documents\tradebotfile\data\intraday_1m\2026-04-15\1306.T.csv,True,,31839
2026-04-15,1321.T,False,True,legacy,C:\Users\yhach\Documents\tradebotfile\data\intraday_1m\2026-04-15\1321.T.csv,True,,20980
2026-04-15,5016.T,False,True,legacy,C:\Users\yhach\Documents\tradebotfile\data\intraday_1m\2026-04-15\5016.T.csv,True,,20480
2026-04-15,5803.T,False,True,legacy,C:\Users\yhach\Documents\tradebotfile\data\intraday_1m\2026-04-15\5803.T.csv,True,,20582
2026-04-15,6315.T,False,True,legacy,C:\Users\yhach\Documents\tradebotfile\data\intraday_1m\2026-04-15\6315.T.csv,True,,20065
2026-04-15,6501.T,False,True,legacy,C:\Users\yhach\Documents\tradebotfile\data\intraday_1m\2026-04-15\6501.T.csv,True,,20322
2026-04-15,6526.T,False,True,legacy,C:\Users\yhach\Documents\tradebotfile\data\intraday_1m\2026-04-15\6526.T.csv,True,,20157
2026-04-15,6857.T,False,True,legacy,C:\Users\yhach\Documents\tradebotfile\data\intraday_1m\2026-04-15\6857.T.csv,True,,21665
2026-04-15,6890.T,False,True,legacy,C:\Users\yhach\Documents\tradebotfile\data\intraday_1m\2026-04-15\6890.T.csv,True,,17414
2026-04-15,6920.T,False,True,legacy,C:\Users\yhach\Documents\tradebotfile\data\intraday_1m\2026-04-15\6920.T.csv,True,,21593
2026-04-15,7003.T,False,True,legacy,C:\Users\yhach\Documents\tradebotfile\data\intraday_1m\2026-04-15\7003.T.csv,True,,20159
2026-04-15,7011.T,False,True,legacy,C:\Users\yhach\Documents\tradebotfile\data\intraday_1m\2026-04-15\7011.T.csv,True,,20427
2026-04-15,7012.T,False,True,legacy,C:\Users\yhach\Documents\tradebotfile\data\intraday_1m\2026-04-15\7012.T.csv,True,,20363
2026-04-15,7013.T,False,True,legacy,C:\Users\yhach\Documents\tradebotfile\data\intraday_1m\2026-04-15\7013.T.csv,True,,20345
2026-04-15,7203.T,False,True,legacy,C:\Users\yhach\Documents\tradebotfile\data\intraday_1m\2026-04-15\7203.T.csv,True,,20279
2026-04-15,7974.T,False,True,legacy,C:\Users\yhach\Documents\tradebotfile\data\intraday_1m\2026-04-15\7974.T.csv,True,,20260
2026-04-15,8001.T,False,True,legacy,C:\Users\yhach\Documents\tradebotfile\data\intraday_1m\2026-04-15\8001.T.csv,True,,20332
2026-04-15,8002.T,False,True,legacy,C:\Users\yhach\Documents\tradebotfile\data\intraday_1m\2026-04-15\8002.T.csv,True,,20077
2026-04-15,8031.T,False,True,legacy,C:\Users\yhach\Documents\tradebotfile\data\intraday_1m\2026-04-15\8031.T.csv,True,,20213
2026-04-15,8058.T,False,True,legacy,C:\Users\yhach\Documents\tradebotfile\data\intraday_1m\2026-04-15\8058.T.csv,True,,20369
2026-04-15,8136.T,False,True,legacy,C:\Users\yhach\Documents\tradebotfile\data\intraday_1m\2026-04-15\8136.T.csv,True,,20392
2026-04-15,8306.T,False,True,legacy,C:\Users\yhach\Documents\tradebotfile\data\intraday_1m\2026-04-15\8306.T.csv,True,,20490
2026-04-15,8473.T,False,True,legacy,C:\Users\yhach\Documents\tradebotfile\data\intraday_1m\2026-04-15\8473.T.csv,True,,19585
2026-04-15,9412.T,False,True,legacy,C:\Users\yhach\Documents\tradebotfile\data\intraday_1m\2026-04-15\9412.T.csv,True,,18088
2026-04-15,9432.T,False,True,legacy,C:\Users\yhach\Documents\tradebotfile\data\intraday_1m\2026-04-15\9432.T.csv,True,,31098
2026-04-15,9434.T,False,True,legacy,C:\Users\yhach\Documents\tradebotfile\data\intraday_1m\2026-04-15\9434.T.csv,True,,31499
2026-04-15,9984.T,False,True,legacy,C:\Users\yhach\Documents\tradebotfile\data\intraday_1m\2026-04-15\9984.T.csv,True,,20532
2026-04-16,1306.T,False,True,legacy,C:\Users\yhach\Documents\tradebotfile\data\intraday_1m\2026-04-16\1306.T.csv,True,,31364
2026-04-16,1321.T,False,True,legacy,C:\Users\yhach\Documents\tradebotfile\data\intraday_1m\2026-04-16\1321.T.csv,True,,21115
2026-04-16,5016.T,False,True,legacy,C:\Users\yhach\Documents\tradebotfile\data\intraday_1m\2026-04-16\5016.T.csv,True,,20469
2026-04-16,5803.T,False,True,legacy,C:\Users\yhach\Documents\tradebotfile\data\intraday_1m\2026-04-16\5803.T.csv,True,,20576
2026-04-16,6315.T,False,True,legacy,C:\Users\yhach\Documents\tradebotfile\data\intraday_1m\2026-04-16\6315.T.csv,True,,20047
2026-04-16,6501.T,False,True,legacy,C:\Users\yhach\Documents\tradebotfile\data\intraday_1m\2026-04-16\6501.T.csv,True,,20291
2026-04-16,6526.T,False,True,legacy,C:\Users\yhach\Documents\tradebotfile\data\intraday_1m\2026-04-16\6526.T.csv,True,,20126
2026-04-16,6857.T,False,True,legacy,C:\Users\yhach\Documents\tradebotfile\data\intraday_1m\2026-04-16\6857.T.csv,True,,21584
2026-04-16,6890.T,False,True,legacy,C:\Users\yhach\Documents\tradebotfile\data\intraday_1m\2026-04-16\6890.T.csv,True,,14720
2026-04-16,6920.T,False,True,legacy,C:\Users\yhach\Documents\tradebotfile\data\intraday_1m\2026-04-16\6920.T.csv,True,,21471
2026-04-16,7003.T,False,True,legacy,C:\Users\yhach\Documents\tradebotfile\data\intraday_1m\2026-04-16\7003.T.csv,True,,20115
2026-04-16,7011.T,False,True,legacy,C:\Users\yhach\Documents\tradebotfile\data\intraday_1m\2026-04-16\7011.T.csv,True,,20349
2026-04-16,7012.T,False,True,legacy,C:\Users\yhach\Documents\tradebotfile\data\intraday_1m\2026-04-16\7012.T.csv,True,,20346
2026-04-16,7013.T,False,True,legacy,C:\Users\yhach\Documents\tradebotfile\data\intraday_1m\2026-04-16\7013.T.csv,True,,20297
2026-04-16,7203.T,False,True,legacy,C:\Users\yhach\Documents\tradebotfile\data\intraday_1m\2026-04-16\7203.T.csv,True,,20295
2026-04-16,7974.T,False,True,legacy,C:\Users\yhach\Documents\tradebotfile\data\intraday_1m\2026-04-16\7974.T.csv,True,,20248
2026-04-16,8001.T,False,True,legacy,C:\Users\yhach\Documents\tradebotfile\data\intraday_1m\2026-04-16\8001.T.csv,True,,20222
2026-04-16,8002.T,False,True,legacy,C:\Users\yhach\Documents\tradebotfile\data\intraday_1m\2026-04-16\8002.T.csv,True,,20075
2026-04-16,8031.T,False,True,legacy,C:\Users\yhach\Documents\tradebotfile\data\intraday_1m\2026-04-16\8031.T.csv,True,,20118
2026-04-16,8058.T,False,True,legacy,C:\Users\yhach\Documents\tradebotfile\data\intraday_1m\2026-04-16\8058.T.csv,True,,20245
2026-04-16,8136.T,False,True,legacy,C:\Users\yhach\Documents\tradebotfile\data\intraday_1m\2026-04-16\8136.T.csv,True,,20381
2026-04-16,8306.T,False,True,legacy,C:\Users\yhach\Documents\tradebotfile\data\intraday_1m\2026-04-16\8306.T.csv,True,,20410
2026-04-16,8473.T,False,True,legacy,C:\Users\yhach\Documents\tradebotfile\data\intraday_1m\2026-04-16\8473.T.csv,True,,19987
2026-04-16,9412.T,False,True,legacy,C:\Users\yhach\Documents\tradebotfile\data\intraday_1m\2026-04-16\9412.T.csv,True,,17726
2026-04-16,9432.T,False,True,legacy,C:\Users\yhach\Documents\tradebotfile\data\intraday_1m\2026-04-16\9432.T.csv,True,,32137
2026-04-16,9434.T,False,True,legacy,C:\Users\yhach\Documents\tradebotfile\data\intraday_1m\2026-04-16\9434.T.csv,True,,32247
2026-04-16,9984.T,False,True,legacy,C:\Users\yhach\Documents\tradebotfile\data\intraday_1m\2026-04-16\9984.T.csv,True,,20581
2026-04-17,1306.T,False,True,legacy,C:\Users\yhach\Documents\tradebotfile\data\intraday_1m\2026-04-17\1306.T.csv,True,,31523
2026-04-17,1321.T,False,True,legacy,C:\Users\yhach\Documents\tradebotfile\data\intraday_1m\2026-04-17\1321.T.csv,True,,21008
2026-04-17,5016.T,False,True,legacy,C:\Users\yhach\Documents\tradebotfile\data\intraday_1m\2026-04-17\5016.T.csv,True,,20399
2026-04-17,5803.T,False,True,legacy,C:\Users\yhach\Documents\tradebotfile\data\intraday_1m\2026-04-17\5803.T.csv,True,,20507
2026-04-17,6315.T,False,True,legacy,C:\Users\yhach\Documents\tradebotfile\data\intraday_1m\2026-04-17\6315.T.csv,True,,19926
2026-04-17,6501.T,False,True,legacy,C:\Users\yhach\Documents\tradebotfile\data\intraday_1m\2026-04-17\6501.T.csv,True,,20216
2026-04-17,6526.T,False,True,legacy,C:\Users\yhach\Documents\tradebotfile\data\intraday_1m\2026-04-17\6526.T.csv,True,,20099
2026-04-17,6857.T,False,True,legacy,C:\Users\yhach\Documents\tradebotfile\data\intraday_1m\2026-04-17\6857.T.csv,True,,21552
2026-04-17,6890.T,False,True,legacy,C:\Users\yhach\Documents\tradebotfile\data\intraday_1m\2026-04-17\6890.T.csv,True,,12149
2026-04-17,6920.T,False,True,legacy,C:\Users\yhach\Documents\tradebotfile\data\intraday_1m\2026-04-17\6920.T.csv,True,,21393
2026-04-17,7003.T,False,True,legacy,C:\Users\yhach\Documents\tradebotfile\data\intraday_1m\2026-04-17\7003.T.csv,True,,20154
2026-04-17,7011.T,False,True,legacy,C:\Users\yhach\Documents\tradebotfile\data\intraday_1m\2026-04-17\7011.T.csv,True,,20357
2026-04-17,7012.T,False,True,legacy,C:\Users\yhach\Documents\tradebotfile\data\intraday_1m\2026-04-17\7012.T.csv,True,,20355
2026-04-17,7013.T,False,True,legacy,C:\Users\yhach\Documents\tradebotfile\data\intraday_1m\2026-04-17\7013.T.csv,True,,20303
2026-04-17,7203.T,False,True,legacy,C:\Users\yhach\Documents\tradebotfile\data\intraday_1m\2026-04-17\7203.T.csv,True,,20260
2026-04-17,7974.T,False,True,legacy,C:\Users\yhach\Documents\tradebotfile\data\intraday_1m\2026-04-17\7974.T.csv,True,,20233
2026-04-17,8001.T,False,True,legacy,C:\Users\yhach\Documents\tradebotfile\data\intraday_1m\2026-04-17\8001.T.csv,True,,20207
2026-04-17,8002.T,False,True,legacy,C:\Users\yhach\Documents\tradebotfile\data\intraday_1m\2026-04-17\8002.T.csv,True,,20060
2026-04-17,8031.T,False,True,legacy,C:\Users\yhach\Documents\tradebotfile\data\intraday_1m\2026-04-17\8031.T.csv,True,,20111
2026-04-17,8058.T,False,True,legacy,C:\Users\yhach\Documents\tradebotfile\data\intraday_1m\2026-04-17\8058.T.csv,True,,20204
2026-04-17,8136.T,False,True,legacy,C:\Users\yhach\Documents\tradebotfile\data\intraday_1m\2026-04-17\8136.T.csv,True,,20362
2026-04-17,8306.T,False,True,legacy,C:\Users\yhach\Documents\tradebotfile\data\intraday_1m\2026-04-17\8306.T.csv,True,,20419
2026-04-17,8473.T,False,True,legacy,C:\Users\yhach\Documents\tradebotfile\data\intraday_1m\2026-04-17\8473.T.csv,True,,19428
2026-04-17,9412.T,False,True,legacy,C:\Users\yhach\Documents\tradebotfile\data\intraday_1m\2026-04-17\9412.T.csv,True,,18762
2026-04-17,9432.T,False,True,legacy,C:\Users\yhach\Documents\tradebotfile\data\intraday_1m\2026-04-17\9432.T.csv,True,,31834
2026-04-17,9434.T,False,True,legacy,C:\Users\yhach\Documents\tradebotfile\data\intraday_1m\2026-04-17\9434.T.csv,True,,32885
2026-04-17,9984.T,False,True,legacy,C:\Users\yhach\Documents\tradebotfile\data\intraday_1m\2026-04-17\9984.T.csv,True,,20467
2026-04-21,1306.T,False,True,legacy,C:\Users\yhach\Documents\tradebotfile\data\intraday_1m\2026-04-21\1306.T.csv,True,,31048
2026-04-21,1321.T,False,True,legacy,C:\Users\yhach\Documents\tradebotfile\data\intraday_1m\2026-04-21\1321.T.csv,True,,20905
2026-04-21,5016.T,False,True,legacy,C:\Users\yhach\Documents\tradebotfile\data\intraday_1m\2026-04-21\5016.T.csv,True,,20269
2026-04-21,5803.T,False,True,legacy,C:\Users\yhach\Documents\tradebotfile\data\intraday_1m\2026-04-21\5803.T.csv,True,,20368
2026-04-21,6315.T,False,True,legacy,C:\Users\yhach\Documents\tradebotfile\data\intraday_1m\2026-04-21\6315.T.csv,True,,19840
2026-04-21,6501.T,False,True,legacy,C:\Users\yhach\Documents\tradebotfile\data\intraday_1m\2026-04-21\6501.T.csv,True,,20021
2026-04-21,6526.T,False,True,legacy,C:\Users\yhach\Documents\tradebotfile\data\intraday_1m\2026-04-21\6526.T.csv,True,,19964
2026-04-21,6857.T,False,True,legacy,C:\Users\yhach\Documents\tradebotfile\data\intraday_1m\2026-04-21\6857.T.csv,True,,21346
2026-04-21,6890.T,False,True,legacy,C:\Users\yhach\Documents\tradebotfile\data\intraday_1m\2026-04-21\6890.T.csv,True,,14181
2026-04-21,6920.T,False,True,legacy,C:\Users\yhach\Documents\tradebotfile\data\intraday_1m\2026-04-21\6920.T.csv,True,,21235
2026-04-21,7003.T,False,True,legacy,C:\Users\yhach\Documents\tradebotfile\data\intraday_1m\2026-04-21\7003.T.csv,True,,19877
2026-04-21,7011.T,False,True,legacy,C:\Users\yhach\Documents\tradebotfile\data\intraday_1m\2026-04-21\7011.T.csv,True,,20215
2026-04-21,7012.T,False,True,legacy,C:\Users\yhach\Documents\tradebotfile\data\intraday_1m\2026-04-21\7012.T.csv,True,,20209
2026-04-21,7013.T,False,True,legacy,C:\Users\yhach\Documents\tradebotfile\data\intraday_1m\2026-04-21\7013.T.csv,True,,20184
2026-04-21,7203.T,False,True,legacy,C:\Users\yhach\Documents\tradebotfile\data\intraday_1m\2026-04-21\7203.T.csv,True,,20118
2026-04-21,7974.T,False,True,legacy,C:\Users\yhach\Documents\tradebotfile\data\intraday_1m\2026-04-21\7974.T.csv,True,,19985
2026-04-21,8001.T,False,True,legacy,C:\Users\yhach\Documents\tradebotfile\data\intraday_1m\2026-04-21\8001.T.csv,True,,19939
2026-04-21,8002.T,False,True,legacy,C:\Users\yhach\Documents\tradebotfile\data\intraday_1m\2026-04-21\8002.T.csv,True,,19903
2026-04-21,8031.T,False,True,legacy,C:\Users\yhach\Documents\tradebotfile\data\intraday_1m\2026-04-21\8031.T.csv,True,,19936
2026-04-21,8058.T,False,True,legacy,C:\Users\yhach\Documents\tradebotfile\data\intraday_1m\2026-04-21\8058.T.csv,True,,20032
2026-04-21,8136.T,False,True,legacy,C:\Users\yhach\Documents\tradebotfile\data\intraday_1m\2026-04-21\8136.T.csv,True,,20264
2026-04-21,8306.T,False,True,legacy,C:\Users\yhach\Documents\tradebotfile\data\intraday_1m\2026-04-21\8306.T.csv,True,,20213
2026-04-21,8473.T,False,True,legacy,C:\Users\yhach\Documents\tradebotfile\data\intraday_1m\2026-04-21\8473.T.csv,True,,19303
2026-04-21,9412.T,False,True,legacy,C:\Users\yhach\Documents\tradebotfile\data\intraday_1m\2026-04-21\9412.T.csv,True,,18919
2026-04-21,9432.T,False,True,legacy,C:\Users\yhach\Documents\tradebotfile\data\intraday_1m\2026-04-21\9432.T.csv,True,,32225
2026-04-21,9434.T,False,True,legacy,C:\Users\yhach\Documents\tradebotfile\data\intraday_1m\2026-04-21\9434.T.csv,True,,30719
2026-04-21,9984.T,False,True,legacy,C:\Users\yhach\Documents\tradebotfile\data\intraday_1m\2026-04-21\9984.T.csv,True,,20480
2026-04-22,1306.T,False,True,legacy,C:\Users\yhach\Documents\tradebotfile\data\intraday_1m\2026-04-22\1306.T.csv,True,,31438
2026-04-22,1321.T,False,True,legacy,C:\Users\yhach\Documents\tradebotfile\data\intraday_1m\2026-04-22\1321.T.csv,True,,21046
2026-04-22,5016.T,False,True,legacy,C:\Users\yhach\Documents\tradebotfile\data\intraday_1m\2026-04-22\5016.T.csv,True,,20422
2026-04-22,5803.T,False,True,legacy,C:\Users\yhach\Documents\tradebotfile\data\intraday_1m\2026-04-22\5803.T.csv,True,,20531
2026-04-22,6315.T,False,True,legacy,C:\Users\yhach\Documents\tradebotfile\data\intraday_1m\2026-04-22\6315.T.csv,True,,19952
2026-04-22,6501.T,False,True,legacy,C:\Users\yhach\Documents\tradebotfile\data\intraday_1m\2026-04-22\6501.T.csv,True,,20247
2026-04-22,6526.T,False,True,legacy,C:\Users\yhach\Documents\tradebotfile\data\intraday_1m\2026-04-22\6526.T.csv,True,,20134
2026-04-22,6857.T,False,True,legacy,C:\Users\yhach\Documents\tradebotfile\data\intraday_1m\2026-04-22\6857.T.csv,True,,21515
2026-04-22,6890.T,False,True,legacy,C:\Users\yhach\Documents\tradebotfile\data\intraday_1m\2026-04-22\6890.T.csv,True,,17004
2026-04-22,6920.T,False,True,legacy,C:\Users\yhach\Documents\tradebotfile\data\intraday_1m\2026-04-22\6920.T.csv,True,,21412
2026-04-22,7003.T,False,True,legacy,C:\Users\yhach\Documents\tradebotfile\data\intraday_1m\2026-04-22\7003.T.csv,True,,20219
2026-04-22,7011.T,False,True,legacy,C:\Users\yhach\Documents\tradebotfile\data\intraday_1m\2026-04-22\7011.T.csv,True,,20343
2026-04-22,7012.T,False,True,legacy,C:\Users\yhach\Documents\tradebotfile\data\intraday_1m\2026-04-22\7012.T.csv,True,,20307
2026-04-22,7013.T,False,True,legacy,C:\Users\yhach\Documents\tradebotfile\data\intraday_1m\2026-04-22\7013.T.csv,True,,20346
2026-04-22,7203.T,False,True,legacy,C:\Users\yhach\Documents\tradebotfile\data\intraday_1m\2026-04-22\7203.T.csv,True,,20272
2026-04-22,7974.T,False,True,legacy,C:\Users\yhach\Documents\tradebotfile\data\intraday_1m\2026-04-22\7974.T.csv,True,,20155
2026-04-22,8001.T,False,True,legacy,C:\Users\yhach\Documents\tradebotfile\data\intraday_1m\2026-04-22\8001.T.csv,True,,20272
2026-04-22,8002.T,False,True,legacy,C:\Users\yhach\Documents\tradebotfile\data\intraday_1m\2026-04-22\8002.T.csv,True,,20062
2026-04-22,8031.T,False,True,legacy,C:\Users\yhach\Documents\tradebotfile\data\intraday_1m\2026-04-22\8031.T.csv,True,,20199
2026-04-22,8058.T,False,True,legacy,C:\Users\yhach\Documents\tradebotfile\data\intraday_1m\2026-04-22\8058.T.csv,True,,20207
2026-04-22,8136.T,False,True,legacy,C:\Users\yhach\Documents\tradebotfile\data\intraday_1m\2026-04-22\8136.T.csv,True,,21592
2026-04-22,8306.T,False,True,legacy,C:\Users\yhach\Documents\tradebotfile\data\intraday_1m\2026-04-22\8306.T.csv,True,,20395
2026-04-22,8473.T,False,True,legacy,C:\Users\yhach\Documents\tradebotfile\data\intraday_1m\2026-04-22\8473.T.csv,True,,19812
2026-04-22,9412.T,False,True,legacy,C:\Users\yhach\Documents\tradebotfile\data\intraday_1m\2026-04-22\9412.T.csv,True,,19938
2026-04-22,9432.T,False,True,legacy,C:\Users\yhach\Documents\tradebotfile\data\intraday_1m\2026-04-22\9432.T.csv,True,,32677
2026-04-22,9434.T,False,True,legacy,C:\Users\yhach\Documents\tradebotfile\data\intraday_1m\2026-04-22\9434.T.csv,True,,32965
2026-04-22,9984.T,False,True,legacy,C:\Users\yhach\Documents\tradebotfile\data\intraday_1m\2026-04-22\9984.T.csv,True,,20715
2026-04-23,1306.T,False,True,legacy,C:\Users\yhach\Documents\tradebotfile\data\intraday_1m\2026-04-23\1306.T.csv,True,,31298
2026-04-23,1321.T,False,True,legacy,C:\Users\yhach\Documents\tradebotfile\data\intraday_1m\2026-04-23\1321.T.csv,True,,21081
2026-04-23,5016.T,False,True,legacy,C:\Users\yhach\Documents\tradebotfile\data\intraday_1m\2026-04-23\5016.T.csv,True,,20455
2026-04-23,5803.T,False,True,legacy,C:\Users\yhach\Documents\tradebotfile\data\intraday_1m\2026-04-23\5803.T.csv,True,,20585
2026-04-23,6315.T,False,True,legacy,C:\Users\yhach\Documents\tradebotfile\data\intraday_1m\2026-04-23\6315.T.csv,True,,19979
2026-04-23,6501.T,False,True,legacy,C:\Users\yhach\Documents\tradebotfile\data\intraday_1m\2026-04-23\6501.T.csv,True,,20322
2026-04-23,6526.T,False,True,legacy,C:\Users\yhach\Documents\tradebotfile\data\intraday_1m\2026-04-23\6526.T.csv,True,,20377
2026-04-23,6857.T,False,True,legacy,C:\Users\yhach\Documents\tradebotfile\data\intraday_1m\2026-04-23\6857.T.csv,True,,21558
2026-04-23,6890.T,False,True,legacy,C:\Users\yhach\Documents\tradebotfile\data\intraday_1m\2026-04-23\6890.T.csv,True,,19077
2026-04-23,6920.T,False,True,legacy,C:\Users\yhach\Documents\tradebotfile\data\intraday_1m\2026-04-23\6920.T.csv,True,,21414
2026-04-23,7003.T,False,True,legacy,C:\Users\yhach\Documents\tradebotfile\data\intraday_1m\2026-04-23\7003.T.csv,True,,20234
2026-04-23,7011.T,False,True,legacy,C:\Users\yhach\Documents\tradebotfile\data\intraday_1m\2026-04-23\7011.T.csv,True,,20402
2026-04-23,7012.T,False,True,legacy,C:\Users\yhach\Documents\tradebotfile\data\intraday_1m\2026-04-23\7012.T.csv,True,,20338
2026-04-23,7013.T,False,True,legacy,C:\Users\yhach\Documents\tradebotfile\data\intraday_1m\2026-04-23\7013.T.csv,True,,20332
2026-04-23,7203.T,False,True,legacy,C:\Users\yhach\Documents\tradebotfile\data\intraday_1m\2026-04-23\7203.T.csv,True,,20385
2026-04-23,7974.T,False,True,legacy,C:\Users\yhach\Documents\tradebotfile\data\intraday_1m\2026-04-23\7974.T.csv,True,,20166
2026-04-23,8001.T,False,True,legacy,C:\Users\yhach\Documents\tradebotfile\data\intraday_1m\2026-04-23\8001.T.csv,True,,20241
2026-04-23,8002.T,False,True,legacy,C:\Users\yhach\Documents\tradebotfile\data\intraday_1m\2026-04-23\8002.T.csv,True,,20055
2026-04-23,8031.T,False,True,legacy,C:\Users\yhach\Documents\tradebotfile\data\intraday_1m\2026-04-23\8031.T.csv,True,,20170
2026-04-23,8058.T,False,True,legacy,C:\Users\yhach\Documents\tradebotfile\data\intraday_1m\2026-04-23\8058.T.csv,True,,20341
2026-04-23,8136.T,False,True,legacy,C:\Users\yhach\Documents\tradebotfile\data\intraday_1m\2026-04-23\8136.T.csv,True,,30800
2026-04-23,8306.T,False,True,legacy,C:\Users\yhach\Documents\tradebotfile\data\intraday_1m\2026-04-23\8306.T.csv,True,,20390
2026-04-23,8473.T,False,True,legacy,C:\Users\yhach\Documents\tradebotfile\data\intraday_1m\2026-04-23\8473.T.csv,True,,19594
2026-04-23,9412.T,False,True,legacy,C:\Users\yhach\Documents\tradebotfile\data\intraday_1m\2026-04-23\9412.T.csv,True,,19907
2026-04-23,9432.T,False,True,legacy,C:\Users\yhach\Documents\tradebotfile\data\intraday_1m\2026-04-23\9432.T.csv,True,,30811
2026-04-23,9434.T,False,True,legacy,C:\Users\yhach\Documents\tradebotfile\data\intraday_1m\2026-04-23\9434.T.csv,True,,31812
2026-04-23,9984.T,False,True,legacy,C:\Users\yhach\Documents\tradebotfile\data\intraday_1m\2026-04-23\9984.T.csv,True,,20202
2026-04-24,1306.T,False,True,legacy,C:\Users\yhach\Documents\tradebotfile\data\intraday_1m\2026-04-24\1306.T.csv,True,,31195
2026-04-24,1321.T,False,True,legacy,C:\Users\yhach\Documents\tradebotfile\data\intraday_1m\2026-04-24\1321.T.csv,True,,20814
2026-04-24,5016.T,False,True,legacy,C:\Users\yhach\Documents\tradebotfile\data\intraday_1m\2026-04-24\5016.T.csv,True,,20347
2026-04-24,5803.T,False,True,legacy,C:\Users\yhach\Documents\tradebotfile\data\intraday_1m\2026-04-24\5803.T.csv,True,,20508
2026-04-24,6315.T,False,True,legacy,C:\Users\yhach\Documents\tradebotfile\data\intraday_1m\2026-04-24\6315.T.csv,True,,20013
2026-04-24,6501.T,False,True,legacy,C:\Users\yhach\Documents\tradebotfile\data\intraday_1m\2026-04-24\6501.T.csv,True,,20241
2026-04-24,6526.T,False,True,legacy,C:\Users\yhach\Documents\tradebotfile\data\intraday_1m\2026-04-24\6526.T.csv,True,,20254
2026-04-24,6857.T,False,True,legacy,C:\Users\yhach\Documents\tradebotfile\data\intraday_1m\2026-04-24\6857.T.csv,True,,21407
2026-04-24,6890.T,False,True,legacy,C:\Users\yhach\Documents\tradebotfile\data\intraday_1m\2026-04-24\6890.T.csv,True,,17922
2026-04-24,6920.T,False,True,legacy,C:\Users\yhach\Documents\tradebotfile\data\intraday_1m\2026-04-24\6920.T.csv,True,,21398
2026-04-24,7003.T,False,True,legacy,C:\Users\yhach\Documents\tradebotfile\data\intraday_1m\2026-04-24\7003.T.csv,True,,20083
2026-04-24,7011.T,False,True,legacy,C:\Users\yhach\Documents\tradebotfile\data\intraday_1m\2026-04-24\7011.T.csv,True,,20333
2026-04-24,7012.T,False,True,legacy,C:\Users\yhach\Documents\tradebotfile\data\intraday_1m\2026-04-24\7012.T.csv,True,,20270
2026-04-24,7013.T,False,True,legacy,C:\Users\yhach\Documents\tradebotfile\data\intraday_1m\2026-04-24\7013.T.csv,True,,20317
2026-04-24,7203.T,False,True,legacy,C:\Users\yhach\Documents\tradebotfile\data\intraday_1m\2026-04-24\7203.T.csv,True,,20291
2026-04-24,7974.T,False,True,legacy,C:\Users\yhach\Documents\tradebotfile\data\intraday_1m\2026-04-24\7974.T.csv,True,,20297
2026-04-24,8001.T,False,True,legacy,C:\Users\yhach\Documents\tradebotfile\data\intraday_1m\2026-04-24\8001.T.csv,True,,20161
2026-04-24,8002.T,False,True,legacy,C:\Users\yhach\Documents\tradebotfile\data\intraday_1m\2026-04-24\8002.T.csv,True,,20039
2026-04-24,8031.T,False,True,legacy,C:\Users\yhach\Documents\tradebotfile\data\intraday_1m\2026-04-24\8031.T.csv,True,,20098
2026-04-24,8058.T,False,True,legacy,C:\Users\yhach\Documents\tradebotfile\data\intraday_1m\2026-04-24\8058.T.csv,True,,20259
2026-04-24,8136.T,False,True,legacy,C:\Users\yhach\Documents\tradebotfile\data\intraday_1m\2026-04-24\8136.T.csv,True,,31106
2026-04-24,8306.T,False,True,legacy,C:\Users\yhach\Documents\tradebotfile\data\intraday_1m\2026-04-24\8306.T.csv,True,,20379
2026-04-24,8473.T,False,True,legacy,C:\Users\yhach\Documents\tradebotfile\data\intraday_1m\2026-04-24\8473.T.csv,True,,19962
2026-04-24,9412.T,False,True,legacy,C:\Users\yhach\Documents\tradebotfile\data\intraday_1m\2026-04-24\9412.T.csv,True,,17943
2026-04-24,9432.T,False,True,legacy,C:\Users\yhach\Documents\tradebotfile\data\intraday_1m\2026-04-24\9432.T.csv,True,,31651
2026-04-24,9434.T,False,True,legacy,C:\Users\yhach\Documents\tradebotfile\data\intraday_1m\2026-04-24\9434.T.csv,True,,32255
2026-04-24,9984.T,False,True,legacy,C:\Users\yhach\Documents\tradebotfile\data\intraday_1m\2026-04-24\9984.T.csv,True,,20596
2026-04-27,1306.T,False,True,legacy,C:\Users\yhach\Documents\tradebotfile\data\intraday_1m\2026-04-27\1306.T.csv,True,,32236
2026-04-27,1321.T,False,True,legacy,C:\Users\yhach\Documents\tradebotfile\data\intraday_1m\2026-04-27\1321.T.csv,True,,21390
2026-04-27,5016.T,False,True,legacy,C:\Users\yhach\Documents\tradebotfile\data\intraday_1m\2026-04-27\5016.T.csv,True,,20733
2026-04-27,5803.T,False,True,legacy,C:\Users\yhach\Documents\tradebotfile\data\intraday_1m\2026-04-27\5803.T.csv,True,,20810
2026-04-27,6315.T,False,True,legacy,C:\Users\yhach\Documents\tradebotfile\data\intraday_1m\2026-04-27\6315.T.csv,True,,20201
2026-04-27,6501.T,False,True,legacy,C:\Users\yhach\Documents\tradebotfile\data\intraday_1m\2026-04-27\6501.T.csv,True,,20442
2026-04-27,6526.T,False,True,legacy,C:\Users\yhach\Documents\tradebotfile\data\intraday_1m\2026-04-27\6526.T.csv,True,,20543
2026-04-27,6857.T,False,True,legacy,C:\Users\yhach\Documents\tradebotfile\data\intraday_1m\2026-04-27\6857.T.csv,True,,21216
2026-04-27,6890.T,False,True,legacy,C:\Users\yhach\Documents\tradebotfile\data\intraday_1m\2026-04-27\6890.T.csv,True,,17461
2026-04-27,6920.T,False,True,legacy,C:\Users\yhach\Documents\tradebotfile\data\intraday_1m\2026-04-27\6920.T.csv,True,,21734
2026-04-27,7003.T,False,True,legacy,C:\Users\yhach\Documents\tradebotfile\data\intraday_1m\2026-04-27\7003.T.csv,True,,20461
2026-04-27,7011.T,False,True,legacy,C:\Users\yhach\Documents\tradebotfile\data\intraday_1m\2026-04-27\7011.T.csv,True,,20634
2026-04-27,7012.T,False,True,legacy,C:\Users\yhach\Documents\tradebotfile\data\intraday_1m\2026-04-27\7012.T.csv,True,,20576
2026-04-27,7013.T,False,True,legacy,C:\Users\yhach\Documents\tradebotfile\data\intraday_1m\2026-04-27\7013.T.csv,True,,20473
2026-04-27,7203.T,False,True,legacy,C:\Users\yhach\Documents\tradebotfile\data\intraday_1m\2026-04-27\7203.T.csv,True,,20623
2026-04-27,7974.T,False,True,legacy,C:\Users\yhach\Documents\tradebotfile\data\intraday_1m\2026-04-27\7974.T.csv,True,,20548
2026-04-27,8001.T,False,True,legacy,C:\Users\yhach\Documents\tradebotfile\data\intraday_1m\2026-04-27\8001.T.csv,True,,20534
2026-04-27,8002.T,False,True,legacy,C:\Users\yhach\Documents\tradebotfile\data\intraday_1m\2026-04-27\8002.T.csv,True,,20340
2026-04-27,8031.T,False,True,legacy,C:\Users\yhach\Documents\tradebotfile\data\intraday_1m\2026-04-27\8031.T.csv,True,,20406
2026-04-27,8058.T,False,True,legacy,C:\Users\yhach\Documents\tradebotfile\data\intraday_1m\2026-04-27\8058.T.csv,True,,20189
2026-04-27,8136.T,False,True,legacy,C:\Users\yhach\Documents\tradebotfile\data\intraday_1m\2026-04-27\8136.T.csv,True,,31378
2026-04-27,8306.T,False,True,legacy,C:\Users\yhach\Documents\tradebotfile\data\intraday_1m\2026-04-27\8306.T.csv,True,,20687
2026-04-27,8473.T,False,True,legacy,C:\Users\yhach\Documents\tradebotfile\data\intraday_1m\2026-04-27\8473.T.csv,True,,20287
2026-04-27,9412.T,False,True,legacy,C:\Users\yhach\Documents\tradebotfile\data\intraday_1m\2026-04-27\9412.T.csv,True,,19869
2026-04-27,9432.T,False,True,legacy,C:\Users\yhach\Documents\tradebotfile\data\intraday_1m\2026-04-27\9432.T.csv,True,,34672
2026-04-27,9434.T,False,True,legacy,C:\Users\yhach\Documents\tradebotfile\data\intraday_1m\2026-04-27\9434.T.csv,True,,32706
2026-04-27,9984.T,False,True,legacy,C:\Users\yhach\Documents\tradebotfile\data\intraday_1m\2026-04-27\9984.T.csv,True,,20973
2026-04-28,1306.T,False,True,legacy,C:\Users\yhach\Documents\tradebotfile\data\intraday_1m\2026-04-28\1306.T.csv,True,,31537
2026-04-28,1321.T,False,True,legacy,C:\Users\yhach\Documents\tradebotfile\data\intraday_1m\2026-04-28\1321.T.csv,True,,21019
2026-04-28,5016.T,False,True,legacy,C:\Users\yhach\Documents\tradebotfile\data\intraday_1m\2026-04-28\5016.T.csv,True,,20396
2026-04-28,5803.T,False,True,legacy,C:\Users\yhach\Documents\tradebotfile\data\intraday_1m\2026-04-28\5803.T.csv,True,,20487
2026-04-28,6315.T,False,True,legacy,C:\Users\yhach\Documents\tradebotfile\data\intraday_1m\2026-04-28\6315.T.csv,True,,20068
2026-04-28,6501.T,False,True,legacy,C:\Users\yhach\Documents\tradebotfile\data\intraday_1m\2026-04-28\6501.T.csv,True,,20419
2026-04-28,6526.T,False,True,legacy,C:\Users\yhach\Documents\tradebotfile\data\intraday_1m\2026-04-28\6526.T.csv,True,,20233
2026-04-28,6857.T,False,True,legacy,C:\Users\yhach\Documents\tradebotfile\data\intraday_1m\2026-04-28\6857.T.csv,True,,21698
2026-04-28,6890.T,False,True,legacy,C:\Users\yhach\Documents\tradebotfile\data\intraday_1m\2026-04-28\6890.T.csv,True,,18411
2026-04-28,6920.T,False,True,legacy,C:\Users\yhach\Documents\tradebotfile\data\intraday_1m\2026-04-28\6920.T.csv,True,,21386
2026-04-28,7003.T,False,True,legacy,C:\Users\yhach\Documents\tradebotfile\data\intraday_1m\2026-04-28\7003.T.csv,True,,20040
2026-04-28,7011.T,False,True,legacy,C:\Users\yhach\Documents\tradebotfile\data\intraday_1m\2026-04-28\7011.T.csv,True,,20322
2026-04-28,7012.T,False,True,legacy,C:\Users\yhach\Documents\tradebotfile\data\intraday_1m\2026-04-28\7012.T.csv,True,,20298
2026-04-28,7013.T,False,True,legacy,C:\Users\yhach\Documents\tradebotfile\data\intraday_1m\2026-04-28\7013.T.csv,True,,20349
2026-04-28,7203.T,False,True,legacy,C:\Users\yhach\Documents\tradebotfile\data\intraday_1m\2026-04-28\7203.T.csv,True,,20293
2026-04-28,7974.T,False,True,legacy,C:\Users\yhach\Documents\tradebotfile\data\intraday_1m\2026-04-28\7974.T.csv,True,,20170
2026-04-28,8001.T,False,True,legacy,C:\Users\yhach\Documents\tradebotfile\data\intraday_1m\2026-04-28\8001.T.csv,True,,20234
2026-04-28,8002.T,False,True,legacy,C:\Users\yhach\Documents\tradebotfile\data\intraday_1m\2026-04-28\8002.T.csv,True,,20041
2026-04-28,8031.T,False,True,legacy,C:\Users\yhach\Documents\tradebotfile\data\intraday_1m\2026-04-28\8031.T.csv,True,,20109
2026-04-28,8058.T,False,True,legacy,C:\Users\yhach\Documents\tradebotfile\data\intraday_1m\2026-04-28\8058.T.csv,True,,20162
2026-04-28,8136.T,False,True,legacy,C:\Users\yhach\Documents\tradebotfile\data\intraday_1m\2026-04-28\8136.T.csv,True,,31566
2026-04-28,8306.T,False,True,legacy,C:\Users\yhach\Documents\tradebotfile\data\intraday_1m\2026-04-28\8306.T.csv,True,,20406
2026-04-28,8473.T,False,True,legacy,C:\Users\yhach\Documents\tradebotfile\data\intraday_1m\2026-04-28\8473.T.csv,True,,20114
2026-04-28,9412.T,False,True,legacy,C:\Users\yhach\Documents\tradebotfile\data\intraday_1m\2026-04-28\9412.T.csv,True,,19395
2026-04-28,9432.T,False,True,legacy,C:\Users\yhach\Documents\tradebotfile\data\intraday_1m\2026-04-28\9432.T.csv,True,,34092
2026-04-28,9434.T,False,True,legacy,C:\Users\yhach\Documents\tradebotfile\data\intraday_1m\2026-04-28\9434.T.csv,True,,31756
2026-04-28,9984.T,False,True,legacy,C:\Users\yhach\Documents\tradebotfile\data\intraday_1m\2026-04-28\9984.T.csv,True,,20580
2026-04-30,1306.T,False,True,legacy,C:\Users\yhach\Documents\tradebotfile\data\intraday_1m\2026-04-30\1306.T.csv,True,,31664
2026-04-30,1321.T,False,True,legacy,C:\Users\yhach\Documents\tradebotfile\data\intraday_1m\2026-04-30\1321.T.csv,True,,21079
2026-04-30,5016.T,False,True,legacy,C:\Users\yhach\Documents\tradebotfile\data\intraday_1m\2026-04-30\5016.T.csv,True,,20336
2026-04-30,5803.T,False,True,legacy,C:\Users\yhach\Documents\tradebotfile\data\intraday_1m\2026-04-30\5803.T.csv,True,,20304
2026-04-30,6315.T,False,True,legacy,C:\Users\yhach\Documents\tradebotfile\data\intraday_1m\2026-04-30\6315.T.csv,True,,20241
2026-04-30,6501.T,False,True,legacy,C:\Users\yhach\Documents\tradebotfile\data\intraday_1m\2026-04-30\6501.T.csv,True,,20328
2026-04-30,6526.T,False,True,legacy,C:\Users\yhach\Documents\tradebotfile\data\intraday_1m\2026-04-30\6526.T.csv,True,,20084
2026-04-30,6857.T,False,True,legacy,C:\Users\yhach\Documents\tradebotfile\data\intraday_1m\2026-04-30\6857.T.csv,True,,21613
2026-04-30,6890.T,False,True,legacy,C:\Users\yhach\Documents\tradebotfile\data\intraday_1m\2026-04-30\6890.T.csv,True,,18456
2026-04-30,6920.T,False,True,legacy,C:\Users\yhach\Documents\tradebotfile\data\intraday_1m\2026-04-30\6920.T.csv,True,,21359
2026-04-30,7003.T,False,True,legacy,C:\Users\yhach\Documents\tradebotfile\data\intraday_1m\2026-04-30\7003.T.csv,True,,20050
2026-04-30,7011.T,False,True,legacy,C:\Users\yhach\Documents\tradebotfile\data\intraday_1m\2026-04-30\7011.T.csv,True,,20363
2026-04-30,7012.T,False,True,legacy,C:\Users\yhach\Documents\tradebotfile\data\intraday_1m\2026-04-30\7012.T.csv,True,,20246
2026-04-30,7013.T,False,True,legacy,C:\Users\yhach\Documents\tradebotfile\data\intraday_1m\2026-04-30\7013.T.csv,True,,20353
2026-04-30,7203.T,False,True,legacy,C:\Users\yhach\Documents\tradebotfile\data\intraday_1m\2026-04-30\7203.T.csv,True,,20385
2026-04-30,7974.T,False,True,legacy,C:\Users\yhach\Documents\tradebotfile\data\intraday_1m\2026-04-30\7974.T.csv,True,,20258
2026-04-30,8001.T,False,True,legacy,C:\Users\yhach\Documents\tradebotfile\data\intraday_1m\2026-04-30\8001.T.csv,True,,20294
2026-04-30,8002.T,False,True,legacy,C:\Users\yhach\Documents\tradebotfile\data\intraday_1m\2026-04-30\8002.T.csv,True,,20049
2026-04-30,8031.T,False,True,legacy,C:\Users\yhach\Documents\tradebotfile\data\intraday_1m\2026-04-30\8031.T.csv,True,,20196
2026-04-30,8058.T,False,True,legacy,C:\Users\yhach\Documents\tradebotfile\data\intraday_1m\2026-04-30\8058.T.csv,True,,20315
2026-04-30,8136.T,False,True,legacy,C:\Users\yhach\Documents\tradebotfile\data\intraday_1m\2026-04-30\8136.T.csv,True,,31347
2026-04-30,8306.T,False,True,legacy,C:\Users\yhach\Documents\tradebotfile\data\intraday_1m\2026-04-30\8306.T.csv,True,,20376
2026-04-30,8473.T,False,True,legacy,C:\Users\yhach\Documents\tradebotfile\data\intraday_1m\2026-04-30\8473.T.csv,True,,20135
2026-04-30,9412.T,False,True,legacy,C:\Users\yhach\Documents\tradebotfile\data\intraday_1m\2026-04-30\9412.T.csv,True,,19000
2026-04-30,9432.T,False,True,legacy,C:\Users\yhach\Documents\tradebotfile\data\intraday_1m\2026-04-30\9432.T.csv,True,,33484
2026-04-30,9434.T,False,True,legacy,C:\Users\yhach\Documents\tradebotfile\data\intraday_1m\2026-04-30\9434.T.csv,True,,31956
2026-04-30,9984.T,False,True,legacy,C:\Users\yhach\Documents\tradebotfile\data\intraday_1m\2026-04-30\9984.T.csv,True,,20561
2026-05-01,1306.T,False,True,legacy,C:\Users\yhach\Documents\tradebotfile\data\intraday_1m\2026-05-01\1306.T.csv,True,,30026
2026-05-01,1321.T,False,True,legacy,C:\Users\yhach\Documents\tradebotfile\data\intraday_1m\2026-05-01\1321.T.csv,True,,20100
2026-05-01,5016.T,False,True,legacy,C:\Users\yhach\Documents\tradebotfile\data\intraday_1m\2026-05-01\5016.T.csv,True,,20336
2026-05-01,5803.T,False,True,legacy,C:\Users\yhach\Documents\tradebotfile\data\intraday_1m\2026-05-01\5803.T.csv,True,,20386
2026-05-01,6315.T,False,True,legacy,C:\Users\yhach\Documents\tradebotfile\data\intraday_1m\2026-05-01\6315.T.csv,True,,19648
2026-05-01,6501.T,False,True,legacy,C:\Users\yhach\Documents\tradebotfile\data\intraday_1m\2026-05-01\6501.T.csv,True,,20249
2026-05-01,6526.T,False,True,legacy,C:\Users\yhach\Documents\tradebotfile\data\intraday_1m\2026-05-01\6526.T.csv,True,,20262
2026-05-01,6857.T,False,True,legacy,C:\Users\yhach\Documents\tradebotfile\data\intraday_1m\2026-05-01\6857.T.csv,True,,21494
2026-05-01,6890.T,False,True,legacy,C:\Users\yhach\Documents\tradebotfile\data\intraday_1m\2026-05-01\6890.T.csv,True,,18587
2026-05-01,6920.T,False,True,legacy,C:\Users\yhach\Documents\tradebotfile\data\intraday_1m\2026-05-01\6920.T.csv,True,,21520
2026-05-01,7003.T,False,True,legacy,C:\Users\yhach\Documents\tradebotfile\data\intraday_1m\2026-05-01\7003.T.csv,True,,20055
2026-05-01,7011.T,False,True,legacy,C:\Users\yhach\Documents\tradebotfile\data\intraday_1m\2026-05-01\7011.T.csv,True,,20287
2026-05-01,7012.T,False,True,legacy,C:\Users\yhach\Documents\tradebotfile\data\intraday_1m\2026-05-01\7012.T.csv,True,,20239
2026-05-01,7013.T,False,True,legacy,C:\Users\yhach\Documents\tradebotfile\data\intraday_1m\2026-05-01\7013.T.csv,True,,20327
2026-05-01,7203.T,False,True,legacy,C:\Users\yhach\Documents\tradebotfile\data\intraday_1m\2026-05-01\7203.T.csv,True,,20312
2026-05-01,7974.T,False,True,legacy,C:\Users\yhach\Documents\tradebotfile\data\intraday_1m\2026-05-01\7974.T.csv,True,,20236
2026-05-01,8001.T,False,True,legacy,C:\Users\yhach\Documents\tradebotfile\data\intraday_1m\2026-05-01\8001.T.csv,True,,20414
2026-05-01,8002.T,False,True,legacy,C:\Users\yhach\Documents\tradebotfile\data\intraday_1m\2026-05-01\8002.T.csv,True,,20291
2026-05-01,8031.T,False,True,legacy,C:\Users\yhach\Documents\tradebotfile\data\intraday_1m\2026-05-01\8031.T.csv,True,,20300
2026-05-01,8058.T,False,True,legacy,C:\Users\yhach\Documents\tradebotfile\data\intraday_1m\2026-05-01\8058.T.csv,True,,20042
2026-05-01,8136.T,False,True,legacy,C:\Users\yhach\Documents\tradebotfile\data\intraday_1m\2026-05-01\8136.T.csv,True,,31200
2026-05-01,8306.T,False,True,legacy,C:\Users\yhach\Documents\tradebotfile\data\intraday_1m\2026-05-01\8306.T.csv,True,,20379
2026-05-01,8473.T,False,True,legacy,C:\Users\yhach\Documents\tradebotfile\data\intraday_1m\2026-05-01\8473.T.csv,True,,20128
2026-05-01,9412.T,False,True,legacy,C:\Users\yhach\Documents\tradebotfile\data\intraday_1m\2026-05-01\9412.T.csv,True,,19408
2026-05-01,9432.T,False,True,legacy,C:\Users\yhach\Documents\tradebotfile\data\intraday_1m\2026-05-01\9432.T.csv,True,,30726
2026-05-01,9434.T,False,True,legacy,C:\Users\yhach\Documents\tradebotfile\data\intraday_1m\2026-05-01\9434.T.csv,True,,31861
2026-05-01,9984.T,False,True,legacy,C:\Users\yhach\Documents\tradebotfile\data\intraday_1m\2026-05-01\9984.T.csv,True,,20553
2026-05-07,1306.T,False,True,legacy,C:\Users\yhach\Documents\tradebotfile\data\intraday_1m\2026-05-07\1306.T.csv,True,,31600
2026-05-07,1321.T,False,True,legacy,C:\Users\yhach\Documents\tradebotfile\data\intraday_1m\2026-05-07\1321.T.csv,True,,20839
2026-05-07,5016.T,False,True,legacy,C:\Users\yhach\Documents\tradebotfile\data\intraday_1m\2026-05-07\5016.T.csv,True,,19922
2026-05-07,5803.T,False,True,legacy,C:\Users\yhach\Documents\tradebotfile\data\intraday_1m\2026-05-07\5803.T.csv,True,,19782
2026-05-07,6315.T,False,True,legacy,C:\Users\yhach\Documents\tradebotfile\data\intraday_1m\2026-05-07\6315.T.csv,True,,19757
2026-05-07,6501.T,False,True,legacy,C:\Users\yhach\Documents\tradebotfile\data\intraday_1m\2026-05-07\6501.T.csv,True,,20162
2026-05-07,6526.T,False,True,legacy,C:\Users\yhach\Documents\tradebotfile\data\intraday_1m\2026-05-07\6526.T.csv,True,,20115
2026-05-07,6857.T,False,True,legacy,C:\Users\yhach\Documents\tradebotfile\data\intraday_1m\2026-05-07\6857.T.csv,True,,20838
2026-05-07,6890.T,False,True,legacy,C:\Users\yhach\Documents\tradebotfile\data\intraday_1m\2026-05-07\6890.T.csv,True,,19403
2026-05-07,6920.T,False,True,legacy,C:\Users\yhach\Documents\tradebotfile\data\intraday_1m\2026-05-07\6920.T.csv,True,,20727
2026-05-07,7003.T,False,True,legacy,C:\Users\yhach\Documents\tradebotfile\data\intraday_1m\2026-05-07\7003.T.csv,True,,20169
2026-05-07,7011.T,False,True,legacy,C:\Users\yhach\Documents\tradebotfile\data\intraday_1m\2026-05-07\7011.T.csv,True,,20445
2026-05-07,7012.T,False,True,legacy,C:\Users\yhach\Documents\tradebotfile\data\intraday_1m\2026-05-07\7012.T.csv,True,,20304
2026-05-07,7013.T,False,True,legacy,C:\Users\yhach\Documents\tradebotfile\data\intraday_1m\2026-05-07\7013.T.csv,True,,20421
2026-05-07,7203.T,False,True,legacy,C:\Users\yhach\Documents\tradebotfile\data\intraday_1m\2026-05-07\7203.T.csv,True,,20436
2026-05-07,7974.T,False,True,legacy,C:\Users\yhach\Documents\tradebotfile\data\intraday_1m\2026-05-07\7974.T.csv,True,,20376
2026-05-07,8001.T,False,True,legacy,C:\Users\yhach\Documents\tradebotfile\data\intraday_1m\2026-05-07\8001.T.csv,True,,20438
2026-05-07,8002.T,False,True,legacy,C:\Users\yhach\Documents\tradebotfile\data\intraday_1m\2026-05-07\8002.T.csv,True,,20278
2026-05-07,8031.T,False,True,legacy,C:\Users\yhach\Documents\tradebotfile\data\intraday_1m\2026-05-07\8031.T.csv,True,,20393
2026-05-07,8058.T,False,True,legacy,C:\Users\yhach\Documents\tradebotfile\data\intraday_1m\2026-05-07\8058.T.csv,True,,20410
2026-05-07,8136.T,False,True,legacy,C:\Users\yhach\Documents\tradebotfile\data\intraday_1m\2026-05-07\8136.T.csv,True,,29676
2026-05-07,8306.T,False,True,legacy,C:\Users\yhach\Documents\tradebotfile\data\intraday_1m\2026-05-07\8306.T.csv,True,,20304
2026-05-07,8473.T,False,True,legacy,C:\Users\yhach\Documents\tradebotfile\data\intraday_1m\2026-05-07\8473.T.csv,True,,20202
2026-05-07,9412.T,False,True,legacy,C:\Users\yhach\Documents\tradebotfile\data\intraday_1m\2026-05-07\9412.T.csv,True,,19419
2026-05-07,9432.T,False,True,legacy,C:\Users\yhach\Documents\tradebotfile\data\intraday_1m\2026-05-07\9432.T.csv,True,,32872
2026-05-07,9434.T,False,True,legacy,C:\Users\yhach\Documents\tradebotfile\data\intraday_1m\2026-05-07\9434.T.csv,True,,31918
2026-05-07,9984.T,False,True,legacy,C:\Users\yhach\Documents\tradebotfile\data\intraday_1m\2026-05-07\9984.T.csv,True,,14829
2026-05-08,1306.T,False,True,legacy,C:\Users\yhach\Documents\tradebotfile\data\intraday_1m\2026-05-08\1306.T.csv,True,,31516
2026-05-08,1321.T,False,True,legacy,C:\Users\yhach\Documents\tradebotfile\data\intraday_1m\2026-05-08\1321.T.csv,True,,20983
2026-05-08,5016.T,False,True,legacy,C:\Users\yhach\Documents\tradebotfile\data\intraday_1m\2026-05-08\5016.T.csv,True,,20379
2026-05-08,5803.T,False,True,legacy,C:\Users\yhach\Documents\tradebotfile\data\intraday_1m\2026-05-08\5803.T.csv,True,,20464
2026-05-08,6315.T,False,True,legacy,C:\Users\yhach\Documents\tradebotfile\data\intraday_1m\2026-05-08\6315.T.csv,True,,19791
2026-05-08,6501.T,False,True,legacy,C:\Users\yhach\Documents\tradebotfile\data\intraday_1m\2026-05-08\6501.T.csv,True,,20367
2026-05-08,6526.T,False,True,legacy,C:\Users\yhach\Documents\tradebotfile\data\intraday_1m\2026-05-08\6526.T.csv,True,,20333
2026-05-08,6857.T,False,True,legacy,C:\Users\yhach\Documents\tradebotfile\data\intraday_1m\2026-05-08\6857.T.csv,True,,21512
2026-05-08,6890.T,False,True,legacy,C:\Users\yhach\Documents\tradebotfile\data\intraday_1m\2026-05-08\6890.T.csv,True,,19794
2026-05-08,6920.T,False,True,legacy,C:\Users\yhach\Documents\tradebotfile\data\intraday_1m\2026-05-08\6920.T.csv,True,,21407
2026-05-08,7003.T,False,True,legacy,C:\Users\yhach\Documents\tradebotfile\data\intraday_1m\2026-05-08\7003.T.csv,True,,20100
2026-05-08,7011.T,False,True,legacy,C:\Users\yhach\Documents\tradebotfile\data\intraday_1m\2026-05-08\7011.T.csv,True,,20368
2026-05-08,7012.T,False,True,legacy,C:\Users\yhach\Documents\tradebotfile\data\intraday_1m\2026-05-08\7012.T.csv,True,,20378
2026-05-08,7013.T,False,True,legacy,C:\Users\yhach\Documents\tradebotfile\data\intraday_1m\2026-05-08\7013.T.csv,True,,20498
2026-05-08,7203.T,False,True,legacy,C:\Users\yhach\Documents\tradebotfile\data\intraday_1m\2026-05-08\7203.T.csv,True,,20484
2026-05-08,7974.T,False,True,legacy,C:\Users\yhach\Documents\tradebotfile\data\intraday_1m\2026-05-08\7974.T.csv,True,,20338
2026-05-08,8001.T,False,True,legacy,C:\Users\yhach\Documents\tradebotfile\data\intraday_1m\2026-05-08\8001.T.csv,True,,20300
2026-05-08,8002.T,False,True,legacy,C:\Users\yhach\Documents\tradebotfile\data\intraday_1m\2026-05-08\8002.T.csv,True,,20207
2026-05-08,8031.T,False,True,legacy,C:\Users\yhach\Documents\tradebotfile\data\intraday_1m\2026-05-08\8031.T.csv,True,,20237
2026-05-08,8058.T,False,True,legacy,C:\Users\yhach\Documents\tradebotfile\data\intraday_1m\2026-05-08\8058.T.csv,True,,20285
2026-05-08,8136.T,False,True,legacy,C:\Users\yhach\Documents\tradebotfile\data\intraday_1m\2026-05-08\8136.T.csv,True,,30940
2026-05-08,8306.T,False,True,legacy,C:\Users\yhach\Documents\tradebotfile\data\intraday_1m\2026-05-08\8306.T.csv,True,,20396
2026-05-08,8473.T,False,True,legacy,C:\Users\yhach\Documents\tradebotfile\data\intraday_1m\2026-05-08\8473.T.csv,True,,19964
2026-05-08,9412.T,False,True,legacy,C:\Users\yhach\Documents\tradebotfile\data\intraday_1m\2026-05-08\9412.T.csv,True,,19909
2026-05-08,9432.T,False,True,legacy,C:\Users\yhach\Documents\tradebotfile\data\intraday_1m\2026-05-08\9432.T.csv,True,,32615
2026-05-08,9434.T,False,True,legacy,C:\Users\yhach\Documents\tradebotfile\data\intraday_1m\2026-05-08\9434.T.csv,True,,32475
2026-05-08,9984.T,False,True,legacy,C:\Users\yhach\Documents\tradebotfile\data\intraday_1m\2026-05-08\9984.T.csv,True,,20575
2026-05-12,1306.T,False,True,legacy,C:\Users\yhach\Documents\tradebotfile\data\intraday_1m\2026-05-12\1306.T.csv,True,,30338
2026-05-12,1321.T,False,True,legacy,C:\Users\yhach\Documents\tradebotfile\data\intraday_1m\2026-05-12\1321.T.csv,True,,20953
2026-05-12,5016.T,False,True,legacy,C:\Users\yhach\Documents\tradebotfile\data\intraday_1m\2026-05-12\5016.T.csv,True,,19908
2026-05-12,5803.T,False,True,legacy,C:\Users\yhach\Documents\tradebotfile\data\intraday_1m\2026-05-12\5803.T.csv,True,,20331
2026-05-12,6315.T,False,True,legacy,C:\Users\yhach\Documents\tradebotfile\data\intraday_1m\2026-05-12\6315.T.csv,True,,17567
2026-05-12,6501.T,False,True,legacy,C:\Users\yhach\Documents\tradebotfile\data\intraday_1m\2026-05-12\6501.T.csv,True,,20282
2026-05-12,6526.T,False,True,legacy,C:\Users\yhach\Documents\tradebotfile\data\intraday_1m\2026-05-12\6526.T.csv,True,,20264
2026-05-12,6857.T,False,True,legacy,C:\Users\yhach\Documents\tradebotfile\data\intraday_1m\2026-05-12\6857.T.csv,True,,21539
2026-05-12,6890.T,False,True,legacy,C:\Users\yhach\Documents\tradebotfile\data\intraday_1m\2026-05-12\6890.T.csv,True,,19885
2026-05-12,6920.T,False,True,legacy,C:\Users\yhach\Documents\tradebotfile\data\intraday_1m\2026-05-12\6920.T.csv,True,,21386
2026-05-12,7003.T,False,True,legacy,C:\Users\yhach\Documents\tradebotfile\data\intraday_1m\2026-05-12\7003.T.csv,True,,20090
2026-05-12,7011.T,False,True,legacy,C:\Users\yhach\Documents\tradebotfile\data\intraday_1m\2026-05-12\7011.T.csv,True,,20491
2026-05-12,7012.T,False,True,legacy,C:\Users\yhach\Documents\tradebotfile\data\intraday_1m\2026-05-12\7012.T.csv,True,,20311
2026-05-12,7013.T,False,True,legacy,C:\Users\yhach\Documents\tradebotfile\data\intraday_1m\2026-05-12\7013.T.csv,True,,20389
2026-05-12,7203.T,False,True,legacy,C:\Users\yhach\Documents\tradebotfile\data\intraday_1m\2026-05-12\7203.T.csv,True,,20369
2026-05-12,7974.T,False,True,legacy,C:\Users\yhach\Documents\tradebotfile\data\intraday_1m\2026-05-12\7974.T.csv,True,,20342
2026-05-12,8001.T,False,True,legacy,C:\Users\yhach\Documents\tradebotfile\data\intraday_1m\2026-05-12\8001.T.csv,True,,20288
2026-05-12,8002.T,False,True,legacy,C:\Users\yhach\Documents\tradebotfile\data\intraday_1m\2026-05-12\8002.T.csv,True,,20188
2026-05-12,8031.T,False,True,legacy,C:\Users\yhach\Documents\tradebotfile\data\intraday_1m\2026-05-12\8031.T.csv,True,,20179
2026-05-12,8058.T,False,True,legacy,C:\Users\yhach\Documents\tradebotfile\data\intraday_1m\2026-05-12\8058.T.csv,True,,20285
2026-05-12,8136.T,False,True,legacy,C:\Users\yhach\Documents\tradebotfile\data\intraday_1m\2026-05-12\8136.T.csv,True,,31100
2026-05-12,8306.T,False,True,legacy,C:\Users\yhach\Documents\tradebotfile\data\intraday_1m\2026-05-12\8306.T.csv,True,,20387
2026-05-12,8473.T,False,True,legacy,C:\Users\yhach\Documents\tradebotfile\data\intraday_1m\2026-05-12\8473.T.csv,True,,20044
2026-05-12,9412.T,False,True,legacy,C:\Users\yhach\Documents\tradebotfile\data\intraday_1m\2026-05-12\9412.T.csv,True,,19872
2026-05-12,9432.T,False,True,legacy,C:\Users\yhach\Documents\tradebotfile\data\intraday_1m\2026-05-12\9432.T.csv,True,,32256
2026-05-12,9434.T,False,True,legacy,C:\Users\yhach\Documents\tradebotfile\data\intraday_1m\2026-05-12\9434.T.csv,True,,32224
2026-05-12,9984.T,False,True,legacy,C:\Users\yhach\Documents\tradebotfile\data\intraday_1m\2026-05-12\9984.T.csv,True,,20630
2026-05-13,1306.T,False,True,legacy,C:\Users\yhach\Documents\tradebotfile\data\intraday_1m\2026-05-13\1306.T.csv,True,,31657
2026-05-13,1321.T,False,True,legacy,C:\Users\yhach\Documents\tradebotfile\data\intraday_1m\2026-05-13\1321.T.csv,True,,20843
2026-05-13,5016.T,False,True,legacy,C:\Users\yhach\Documents\tradebotfile\data\intraday_1m\2026-05-13\5016.T.csv,True,,20243
2026-05-13,5803.T,False,True,legacy,C:\Users\yhach\Documents\tradebotfile\data\intraday_1m\2026-05-13\5803.T.csv,True,,20568
2026-05-13,6315.T,False,True,legacy,C:\Users\yhach\Documents\tradebotfile\data\intraday_1m\2026-05-13\6315.T.csv,True,,20234
2026-05-13,6501.T,False,True,legacy,C:\Users\yhach\Documents\tradebotfile\data\intraday_1m\2026-05-13\6501.T.csv,True,,20299
2026-05-13,6526.T,False,True,legacy,C:\Users\yhach\Documents\tradebotfile\data\intraday_1m\2026-05-13\6526.T.csv,True,,20251
2026-05-13,6857.T,False,True,legacy,C:\Users\yhach\Documents\tradebotfile\data\intraday_1m\2026-05-13\6857.T.csv,True,,21467
2026-05-13,6890.T,False,True,legacy,C:\Users\yhach\Documents\tradebotfile\data\intraday_1m\2026-05-13\6890.T.csv,True,,17160
2026-05-13,6920.T,False,True,legacy,C:\Users\yhach\Documents\tradebotfile\data\intraday_1m\2026-05-13\6920.T.csv,True,,21355
2026-05-13,7003.T,False,True,legacy,C:\Users\yhach\Documents\tradebotfile\data\intraday_1m\2026-05-13\7003.T.csv,True,,20023
2026-05-13,7011.T,False,True,legacy,C:\Users\yhach\Documents\tradebotfile\data\intraday_1m\2026-05-13\7011.T.csv,True,,20396
2026-05-13,7012.T,False,True,legacy,C:\Users\yhach\Documents\tradebotfile\data\intraday_1m\2026-05-13\7012.T.csv,True,,20226
2026-05-13,7013.T,False,True,legacy,C:\Users\yhach\Documents\tradebotfile\data\intraday_1m\2026-05-13\7013.T.csv,True,,20364
2026-05-13,7203.T,False,True,legacy,C:\Users\yhach\Documents\tradebotfile\data\intraday_1m\2026-05-13\7203.T.csv,True,,20370
2026-05-13,7974.T,False,True,legacy,C:\Users\yhach\Documents\tradebotfile\data\intraday_1m\2026-05-13\7974.T.csv,True,,20262
2026-05-13,8001.T,False,True,legacy,C:\Users\yhach\Documents\tradebotfile\data\intraday_1m\2026-05-13\8001.T.csv,True,,20340
2026-05-13,8002.T,False,True,legacy,C:\Users\yhach\Documents\tradebotfile\data\intraday_1m\2026-05-13\8002.T.csv,True,,20190
2026-05-13,8031.T,False,True,legacy,C:\Users\yhach\Documents\tradebotfile\data\intraday_1m\2026-05-13\8031.T.csv,True,,20191
2026-05-13,8058.T,False,True,legacy,C:\Users\yhach\Documents\tradebotfile\data\intraday_1m\2026-05-13\8058.T.csv,True,,20341
2026-05-13,8136.T,False,True,legacy,C:\Users\yhach\Documents\tradebotfile\data\intraday_1m\2026-05-13\8136.T.csv,True,,31189
2026-05-13,8306.T,False,True,legacy,C:\Users\yhach\Documents\tradebotfile\data\intraday_1m\2026-05-13\8306.T.csv,True,,20403
2026-05-13,8473.T,False,True,legacy,C:\Users\yhach\Documents\tradebotfile\data\intraday_1m\2026-05-13\8473.T.csv,True,,19494
2026-05-13,9412.T,False,True,legacy,C:\Users\yhach\Documents\tradebotfile\data\intraday_1m\2026-05-13\9412.T.csv,True,,19883
2026-05-13,9432.T,False,True,legacy,C:\Users\yhach\Documents\tradebotfile\data\intraday_1m\2026-05-13\9432.T.csv,True,,32021
2026-05-13,9434.T,False,True,legacy,C:\Users\yhach\Documents\tradebotfile\data\intraday_1m\2026-05-13\9434.T.csv,True,,31766
2026-05-13,9984.T,False,True,legacy,C:\Users\yhach\Documents\tradebotfile\data\intraday_1m\2026-05-13\9984.T.csv,True,,20457
2026-05-14,1306.T,False,True,legacy,C:\Users\yhach\Documents\tradebotfile\data\intraday_1m\2026-05-14\1306.T.csv,True,,31298
2026-05-14,1321.T,False,True,legacy,C:\Users\yhach\Documents\tradebotfile\data\intraday_1m\2026-05-14\1321.T.csv,True,,21061
2026-05-14,5016.T,False,True,legacy,C:\Users\yhach\Documents\tradebotfile\data\intraday_1m\2026-05-14\5016.T.csv,True,,20508
2026-05-14,5803.T,False,True,legacy,C:\Users\yhach\Documents\tradebotfile\data\intraday_1m\2026-05-14\5803.T.csv,True,,15287
2026-05-14,6315.T,False,True,legacy,C:\Users\yhach\Documents\tradebotfile\data\intraday_1m\2026-05-14\6315.T.csv,True,,20206
2026-05-14,6501.T,False,True,legacy,C:\Users\yhach\Documents\tradebotfile\data\intraday_1m\2026-05-14\6501.T.csv,True,,20260
2026-05-14,6526.T,False,True,legacy,C:\Users\yhach\Documents\tradebotfile\data\intraday_1m\2026-05-14\6526.T.csv,True,,20269
2026-05-14,6857.T,False,True,legacy,C:\Users\yhach\Documents\tradebotfile\data\intraday_1m\2026-05-14\6857.T.csv,True,,21578
2026-05-14,6890.T,False,True,legacy,C:\Users\yhach\Documents\tradebotfile\data\intraday_1m\2026-05-14\6890.T.csv,True,,20486
2026-05-14,6920.T,False,True,legacy,C:\Users\yhach\Documents\tradebotfile\data\intraday_1m\2026-05-14\6920.T.csv,True,,21368
2026-05-14,7003.T,False,True,legacy,C:\Users\yhach\Documents\tradebotfile\data\intraday_1m\2026-05-14\7003.T.csv,True,,19408
2026-05-14,7011.T,False,True,legacy,C:\Users\yhach\Documents\tradebotfile\data\intraday_1m\2026-05-14\7011.T.csv,True,,20407
2026-05-14,7012.T,False,True,legacy,C:\Users\yhach\Documents\tradebotfile\data\intraday_1m\2026-05-14\7012.T.csv,True,,20325
2026-05-14,7013.T,False,True,legacy,C:\Users\yhach\Documents\tradebotfile\data\intraday_1m\2026-05-14\7013.T.csv,True,,20369
2026-05-14,7203.T,False,True,legacy,C:\Users\yhach\Documents\tradebotfile\data\intraday_1m\2026-05-14\7203.T.csv,True,,20369
2026-05-14,7974.T,False,True,legacy,C:\Users\yhach\Documents\tradebotfile\data\intraday_1m\2026-05-14\7974.T.csv,True,,20311
2026-05-14,8001.T,False,True,legacy,C:\Users\yhach\Documents\tradebotfile\data\intraday_1m\2026-05-14\8001.T.csv,True,,20275
2026-05-14,8002.T,False,True,legacy,C:\Users\yhach\Documents\tradebotfile\data\intraday_1m\2026-05-14\8002.T.csv,True,,20136
2026-05-14,8031.T,False,True,legacy,C:\Users\yhach\Documents\tradebotfile\data\intraday_1m\2026-05-14\8031.T.csv,True,,20113
2026-05-14,8058.T,False,True,legacy,C:\Users\yhach\Documents\tradebotfile\data\intraday_1m\2026-05-14\8058.T.csv,True,,20242
2026-05-14,8136.T,False,True,legacy,C:\Users\yhach\Documents\tradebotfile\data\intraday_1m\2026-05-14\8136.T.csv,True,,31081
2026-05-14,8306.T,False,True,legacy,C:\Users\yhach\Documents\tradebotfile\data\intraday_1m\2026-05-14\8306.T.csv,True,,20386
2026-05-14,8473.T,False,True,legacy,C:\Users\yhach\Documents\tradebotfile\data\intraday_1m\2026-05-14\8473.T.csv,True,,19621
2026-05-14,9412.T,False,True,legacy,C:\Users\yhach\Documents\tradebotfile\data\intraday_1m\2026-05-14\9412.T.csv,True,,19551
2026-05-14,9432.T,False,True,legacy,C:\Users\yhach\Documents\tradebotfile\data\intraday_1m\2026-05-14\9432.T.csv,True,,32183
2026-05-14,9434.T,False,True,legacy,C:\Users\yhach\Documents\tradebotfile\data\intraday_1m\2026-05-14\9434.T.csv,True,,31476
2026-05-14,9984.T,False,True,legacy,C:\Users\yhach\Documents\tradebotfile\data\intraday_1m\2026-05-14\9984.T.csv,True,,20611
2026-05-15,1306.T,False,True,legacy,C:\Users\yhach\Documents\tradebotfile\data\intraday_1m\2026-05-15\1306.T.csv,True,,31335
2026-05-15,1321.T,False,True,legacy,C:\Users\yhach\Documents\tradebotfile\data\intraday_1m\2026-05-15\1321.T.csv,True,,21106
2026-05-15,5016.T,False,True,legacy,C:\Users\yhach\Documents\tradebotfile\data\intraday_1m\2026-05-15\5016.T.csv,True,,20415
2026-05-15,5803.T,False,True,legacy,C:\Users\yhach\Documents\tradebotfile\data\intraday_1m\2026-05-15\5803.T.csv,True,,20646
2026-05-15,6315.T,False,True,legacy,C:\Users\yhach\Documents\tradebotfile\data\intraday_1m\2026-05-15\6315.T.csv,True,,20233
2026-05-15,6501.T,False,True,legacy,C:\Users\yhach\Documents\tradebotfile\data\intraday_1m\2026-05-15\6501.T.csv,True,,20311
2026-05-15,6526.T,False,True,legacy,C:\Users\yhach\Documents\tradebotfile\data\intraday_1m\2026-05-15\6526.T.csv,True,,20352
2026-05-15,6857.T,False,True,legacy,C:\Users\yhach\Documents\tradebotfile\data\intraday_1m\2026-05-15\6857.T.csv,True,,21605
2026-05-15,6890.T,False,True,legacy,C:\Users\yhach\Documents\tradebotfile\data\intraday_1m\2026-05-15\6890.T.csv,True,,19273
2026-05-15,6920.T,False,True,legacy,C:\Users\yhach\Documents\tradebotfile\data\intraday_1m\2026-05-15\6920.T.csv,True,,21389
2026-05-15,7003.T,False,True,legacy,C:\Users\yhach\Documents\tradebotfile\data\intraday_1m\2026-05-15\7003.T.csv,True,,20156
2026-05-15,7011.T,False,True,legacy,C:\Users\yhach\Documents\tradebotfile\data\intraday_1m\2026-05-15\7011.T.csv,True,,20377
2026-05-15,7012.T,False,True,legacy,C:\Users\yhach\Documents\tradebotfile\data\intraday_1m\2026-05-15\7012.T.csv,True,,20304
2026-05-15,7013.T,False,True,legacy,C:\Users\yhach\Documents\tradebotfile\data\intraday_1m\2026-05-15\7013.T.csv,True,,20354
2026-05-15,7203.T,False,True,legacy,C:\Users\yhach\Documents\tradebotfile\data\intraday_1m\2026-05-15\7203.T.csv,True,,20407
2026-05-15,7974.T,False,True,legacy,C:\Users\yhach\Documents\tradebotfile\data\intraday_1m\2026-05-15\7974.T.csv,True,,20301
2026-05-15,8001.T,False,True,legacy,C:\Users\yhach\Documents\tradebotfile\data\intraday_1m\2026-05-15\8001.T.csv,True,,20308
2026-05-15,8002.T,False,True,legacy,C:\Users\yhach\Documents\tradebotfile\data\intraday_1m\2026-05-15\8002.T.csv,True,,20168
2026-05-15,8031.T,False,True,legacy,C:\Users\yhach\Documents\tradebotfile\data\intraday_1m\2026-05-15\8031.T.csv,True,,20107
2026-05-15,8058.T,False,True,legacy,C:\Users\yhach\Documents\tradebotfile\data\intraday_1m\2026-05-15\8058.T.csv,True,,20234
2026-05-15,8136.T,False,True,legacy,C:\Users\yhach\Documents\tradebotfile\data\intraday_1m\2026-05-15\8136.T.csv,True,,31063
2026-05-15,8306.T,False,True,legacy,C:\Users\yhach\Documents\tradebotfile\data\intraday_1m\2026-05-15\8306.T.csv,True,,20432
2026-05-15,8473.T,False,True,legacy,C:\Users\yhach\Documents\tradebotfile\data\intraday_1m\2026-05-15\8473.T.csv,True,,20040
2026-05-15,9412.T,False,True,legacy,C:\Users\yhach\Documents\tradebotfile\data\intraday_1m\2026-05-15\9412.T.csv,True,,19707
2026-05-15,9432.T,False,True,legacy,C:\Users\yhach\Documents\tradebotfile\data\intraday_1m\2026-05-15\9432.T.csv,True,,32588
2026-05-15,9434.T,False,True,legacy,C:\Users\yhach\Documents\tradebotfile\data\intraday_1m\2026-05-15\9434.T.csv,True,,32292
2026-05-15,9984.T,False,True,legacy,C:\Users\yhach\Documents\tradebotfile\data\intraday_1m\2026-05-15\9984.T.csv,True,,20564
