section,key,trades,win_rate,total_pnl_pct,avg_pnl_pct,median_pnl_pct,max_loss_pct,avg_loss_pct,profit_factor,extra
overall,all,83,0.0,-70.339129,-0.8474593855421687,-0.571792,-4.935065,-0.8474593855421687,0.0,
by_symbol,9984.T,54,0.0,-33.74204,-0.6248525925925926,-0.5054615,-2.325581,-0.6248525925925926,0.0,"{""breakout_failure"": 49, ""hard_stop"": 4, ""board_imbalance_deterioration"": 1}"
by_symbol,5803.T,15,0.0,-13.278925000000001,-0.8852616666666667,-0.840673,-1.727721,-0.8852616666666667,0.0,"{""breakout_failure"": 8, ""hard_stop"": 6, ""board_imbalance_deterioration"": 1}"
by_symbol,7013.T,3,0.0,-8.15889,-2.71963,-3.159795,-4.504505,-2.71963,0.0,"{""hard_stop"": 2, ""breakout_failure"": 1}"
by_symbol,8002.T,1,0.0,-4.935065,-4.935065,-4.935065,-4.935065,-4.935065,0.0,"{""hard_stop"": 1}"
by_symbol,5016.T,3,0.0,-4.89373,-1.6312433333333334,-1.986632,-2.188679,-1.6312433333333334,0.0,"{""breakout_failure"": 1, ""hard_stop"": 2}"
by_symbol,8058.T,2,0.0,-3.402571,-1.7012855,-1.7012855,-3.057624,-1.7012855,0.0,"{""hard_stop"": 1, ""breakout_failure"": 1}"
by_symbol,8001.T,1,0.0,-1.005278,-1.005278,-1.005278,-1.005278,-1.005278,0.0,"{""breakout_failure"": 1}"
by_symbol,6890.T,2,0.0,-0.457666,-0.228833,-0.228833,-0.229095,-0.228833,0.0,"{""breakout_failure"": 1, ""board_imbalance_deterioration"": 1}"
by_symbol,6315.T,1,0.0,-0.447094,-0.447094,-0.447094,-0.447094,-0.447094,0.0,"{""breakout_failure"": 1}"
by_symbol,8306.T,1,0.0,-0.01787,-0.01787,-0.01787,-0.01787,-0.01787,0.0,"{""board_imbalance_deterioration"": 1}"
by_day,2026-04-10,1,0.0,-0.52622,-0.52622,-0.52622,-0.52622,-0.52622,0.0,"{""winning_day"": false}"
by_day,2026-04-13,1,0.0,-1.332445,-1.332445,-1.332445,-1.332445,-1.332445,0.0,"{""winning_day"": false}"
by_day,2026-04-14,5,0.0,-2.54205,-0.50841,-0.462737,-0.718419,-0.50841,0.0,"{""winning_day"": false}"
by_day,2026-04-15,3,0.0,-2.251054,-0.7503513333333334,-0.486941,-1.564246,-0.7503513333333334,0.0,"{""winning_day"": false}"
by_day,2026-04-16,3,0.0,-1.49786,-0.49928666666666666,-0.571792,-0.622051,-0.49928666666666666,0.0,"{""winning_day"": false}"
by_day,2026-04-21,5,0.0,-2.5547210000000002,-0.5109442000000001,-0.515055,-1.131401,-0.5109442000000001,0.0,"{""winning_day"": false}"
by_day,2026-04-22,13,0.0,-7.623615,-0.586431923076923,-0.580762,-1.10944,-0.586431923076923,0.0,"{""winning_day"": false}"
by_day,2026-04-23,1,0.0,-1.222258,-1.222258,-1.222258,-1.222258,-1.222258,0.0,"{""winning_day"": false}"
by_day,2026-04-24,2,0.0,-1.27288,-0.63644,-0.63644,-0.66001,-0.63644,0.0,"{""winning_day"": false}"
by_day,2026-04-27,3,0.0,-2.098697,-0.6995656666666666,-0.637151,-0.9982,-0.6995656666666666,0.0,"{""winning_day"": false}"
by_day,2026-04-30,3,0.0,-4.7006060000000005,-1.5668686666666667,-1.31786,-2.325581,-1.5668686666666667,0.0,"{""winning_day"": false}"
by_day,2026-05-01,7,0.0,-11.474639999999999,-1.6392342857142856,-1.005278,-4.935065,-1.6392342857142856,0.0,"{""winning_day"": false}"
by_day,2026-05-07,17,0.0,-7.5126669999999995,-0.4419215882352941,-0.447094,-1.413317,-0.4419215882352941,0.0,"{""winning_day"": false}"
by_day,2026-05-08,4,0.0,-8.174244,-2.043561,-1.8271925,-4.504505,-2.043561,0.0,"{""winning_day"": false}"
by_day,2026-05-12,11,0.0,-12.175277,-1.1068433636363637,-0.889749,-2.188679,-1.1068433636363637,0.0,"{""winning_day"": false}"
by_day,2026-05-13,1,0.0,-0.344947,-0.344947,-0.344947,-0.344947,-0.344947,0.0,"{""winning_day"": false}"
by_day,2026-05-14,2,0.0,-2.6685870000000005,-1.3342935000000002,-1.3342935000000002,-2.076125,-1.3342935000000002,0.0,"{""winning_day"": false}"
by_day,2026-05-15,1,0.0,-0.366361,-0.366361,-0.366361,-0.366361,-0.366361,0.0,"{""winning_day"": false}"
by_exit_reason,breakout_failure,63,0.0,-34.593993,-0.549111,-0.495868,-1.189169,-0.549111,0.0,breakout_failure
by_exit_reason,hard_stop,16,0.0,-35.424621,-2.2140388125,-1.8571765,-4.935065,-2.2140388125,0.0,hard_stop
by_exit_reason,board_imbalance_deterioration,4,0.0,-0.320515,-0.08012875,-0.038295,-0.228571,-0.08012875,0.0,other
by_exit_reason_group,breakout_failure,63,0.0,-34.593993,-0.549111,-0.495868,-1.189169,-0.549111,0.0,
by_exit_reason_group,hard_stop,16,0.0,-35.424621,-2.2140388125,-1.8571765,-4.935065,-2.2140388125,0.0,
by_exit_reason_group,other,4,0.0,-0.320515,-0.08012875,-0.038295,-0.228571,-0.08012875,0.0,
by_time_band,09:00-09:30,27,0.0,-27.953379,-1.0353103333333333,-0.80194,-2.325581,-1.0353103333333333,0.0,
by_time_band,09:30-10:30,20,0.0,-10.072325,-0.50361625,-0.478086,-0.9982,-0.50361625,0.0,
by_time_band,10:30-11:30,13,0.0,-9.362619,-0.7202014615384615,-0.399467,-4.935065,-0.7202014615384615,0.0,
by_time_band,12:30-13:30,14,0.0,-12.998859,-0.9284899285714285,-0.49076549999999997,-4.504505,-0.9284899285714285,0.0,
by_time_band,13:30-14:30,8,0.0,-9.936593,-1.242074125,-1.091454,-3.057624,-1.242074125,0.0,
by_time_band,14:30-15:30,1,0.0,-0.015354,-0.015354,-0.015354,-0.015354,-0.015354,0.0,
overfitting,summary,83,,,,,,,,"{""total_pnl_pct"": -70.339129, ""symbol"": {""symbol_count"": 10, ""symbol_largest_abs_share"": 0.4797, ""symbol_largest_abs_key"": ""9984.T"", ""symbol_best_total_pnl"": {""key"": ""8306.T"", ""pnl"": -0.01787}, ""symbol_worst_total_pnl"": {""key"": ""9984.T"", ""pnl"": -33.74204}, ""symbol_single_dominates"": false}, ""day"": {""day_count"": 18, ""day_largest_abs_share"": 0.1731, ""day_largest_abs_key"": ""2026-05-12"", ""day_best_total_pnl"": {""key"": ""2026-05-13"", ""pnl"": -0.344947}, ""day_worst_total_pnl"": {""key"": ""2026-05-12"", ""pnl"": -12.175277}, ""day_single_dominates"": false}, ""exit_reason_top"": {""reason"": ""breakout_failure"", ""count"": 63, ""share"": 0.759}, ""exit_reason_counts"": {""breakout_failure"": 63, ""hard_stop"": 16, ""board_imbalance_deterioration"": 4}, ""risk_flags"": [""exit_reason_heavily_skewed""], ""interpretation"": [""EXIT が1理由に偏っている（最大 76%）。kabu_exit_v1 の breakout_failure / hard_stop 閾値を構造単位で見直す候補。"", ""全体マイナスかつ breakout_failure 偏重 → エントリー直後の失敗判定が厳しすぎる可能性。""]}"
